Company,Product,Size,Currency,Prices,Price_Category
Goody,Whole Kernel Golden Corn,340G,SAR,3.25,Low Price
Goody,Original Mayonnaise,332 Ml,SAR,7.75,Medium Price
Goody,Ranch Dressing,237 Ml,SAR,7.95,Medium Price
Halwani Brothers,AlNakhla Finest Halawa Plain,250G,SAR,9.4,Medium Price
7 UP,Can,150 Ml,SAR,1.5,Low Price
Goody,Tenderina Sandwich Tuna,80G,SAR,3.5,Low Price
Afia,Sunflower Oil,1.8L,SAR,19.9,Medium Price
Afia,Pure Corn Oil,750 Ml,SAR,10.95,Medium Price
7 UP,Bottle,1L,SAR,5.0,Medium Price
Al Alali,100% Natural Tomato Paste,8 x 130G,SAR,9.75,Medium Price
Afia,Corn Oil,200Ml,SAR,18.5,Medium Price
Galaxy,Jewels Chocolate,200G,SAR,22.95,High Price
Afia,Extra Virgin Olive Oil,250 Ml,SAR,13.5,Medium Price
Al Arabi,Pure Vegetable Frying Oil,1.8L,SAR,15.25,Medium Price
Godiva,Milk Chocolate Hazelnut Oyster,30G,SAR,3.95,Low Price
Goody,Albacore white meat Tuna in Sunflower Oil,185G,SAR,7.25,Medium Price
Goody,Chunky Peanut Butter,340G,SAR,11.25,Medium Price
Goody,Light Meat Tuna in Sunflower Oil,185G,SAR,7.5,Medium Price
Goody,Lite Mayonnaise,332 Ml,SAR,7.75,Medium Price
Goody,Creamy Peanut Butter,340G,SAR,10.95,Medium Price
Kellogg's,Corn Flakes,500G,SAR,15.95,Medium Price
Goody,Natural White Vinegar,473 Ml,SAR,2.95,Low Price
Kellogg's,The Original Corn Flakes,250G,SAR,9.7,Medium Price
Kellogg's,Special K Original Wheat Cereal,375G,SAR,22.55,High Price
Kikkoman,Soy Sauce,150 Ml,SAR,10.45,Medium Price
Kinder,Chocolate,50G,SAR,2.55,Low Price
Kettle,Cooked Potato Chips With French Cheese,170G,SAR,7.1,Medium Price
Kettle,Cooked Potato Chips With flaming chilli,170G,SAR,7.1,Medium Price
Kettle,Cooked Potato Chips With Arabic Spice,170G,SAR,7.1,Medium Price
Kettle,Cooked Potato Chips With Sea Salt,170G,SAR,7.1,Medium Price
Kettle,Cooked Potato Chips With Honey & Bbq,170G,SAR,7.1,Medium Price
Lays,Max Mexican Chili Flavor Potato chips,50G,SAR,2.0,Low Price
Lays,Tomato Ketchup Potato chips,21G,SAR,1.05,Low Price
Lays,Salt & Vinegar Potato chips,21G,SAR,1.05,Low Price
Lays,French Cheese Potato chips,21G,SAR,1.05,Low Price
Lays,Max Creamy Chedder Flavor Potato chips,50G,SAR,2.0,Low Price
Lays,Salt Potato chips,54G,SAR,2.0,Low Price
Lindt,Excellence Dark Chocolate 70% Cocoa,100G,SAR,15.7,Medium Price
Lindt,Excellence Dark Chocolate 85% Cocoa,100G,SAR,15.95,Medium Price
Lindt,Excellence Dark Chocolate With Orange Intense,100G,SAR,15.7,Medium Price
Libby's,Tomato Ketchup Squeezy Bottle,350G,SAR,8.5,Medium Price
Lindt,Excellence Dark Chocolate Mild 70% Cocoa,100G,SAR,15.95,Medium Price
Lindt,Excellence Dark Chocolate With Mint Intense,100G,SAR,15.95,Medium Price
Lindt,Excellence Dark Chocolate With Cherry Intense,100G,SAR,15.7,Medium Price
Lindt,Excellence Chocolate With Black Currant,100G,SAR,15.7,Medium Price
Klast,Spearmint Sugar Free Gum,12 pieces,SAR,3.4,Low Price
Kinder,Joy Surprise For Girls,20G,SAR,3.75,Low Price
Kinder,Joy With Surprise For Girls,20G,SAR,3.75,Low Price
KitKat,Chunky Mini Milk Chocolate Bar Snack Bag,16 Minis,SAR,17.05,Medium Price
Kuwait Bakeries,All Purpose Flour,1Kg,SAR,3.95,Low Price
Langnese,Bee Honey,500G,SAR,38.85,High Price
Kohinoor,Indian Basmati Rice,5Kg,SAR,68.5,Very High Price
Lays,Classic Potato Chips Regular,6.5Z,SAR,16.95,Medium Price
Heinz,Beanz Original Baked Beans In a Deliciously Tomato Sauce,200G,SAR,3.95,Low Price
Lays,Chili Potato chips,21G,SAR,1.05,Low Price
Holsten,Classic Malt Beverage Can,330 Ml,SAR,4.5,Low Price
Heinz,Tomato Ketchup,910G,SAR,10.0,Medium Price
Hershey's,Chocolate Syrup,680G,SAR,10.95,Medium Price
Nescafe,Arabiana Mix Arabic Coffee,3G,SAR,1.75,Low Price
Nestlé,Coffee-Mate Original Coffee Creamer,170G,SAR,8.95,Medium Price
Nescafe,Red Mug Instant Coffee,50G,SAR,11.5,Medium Price
Nescafe,Classic Instant Coffee,200G,SAR,16.75,Medium Price
Nescafe,3 In 1 Classic Instant Coffee,20G,SAR,1.6,Low Price
Lindt,Lindor Hazelnut Milk Chocolate,100G,SAR,12.5,Medium Price
Nestlé,Country Corn Flakes Breakfast Cereal,375G,SAR,12.25,Medium Price
Lindt,Excellence Milk Chocolate Extra Creamy,100G,SAR,15.7,Medium Price
Nestlé,Fitness Original Breakfast Cereal,40G,SAR,3.15,Low Price
Loacker,Quadratini Chocolate Wafers,125G,SAR,10.95,Medium Price
Lindt,Lindor Milk Chocolate Sticks,38G,SAR,4.45,Low Price
Loacker,Gran Pasticceria Coconut,100G,SAR,9.5,Medium Price
Lipton,Yallow Label Black Tea,100 Teabags x 2G,SAR,9.95,Medium Price
Lindt,Swiss Classic Dark Chocolate,100G,SAR,13.85,Medium Price
Lindt,Les Grandes Milk Chocolate With Hazelnut,150G,SAR,20.25,High Price
Nestlé,Fitness Honey & Almond Breakfast Cereal,355G,SAR,21.95,High Price
Loacker,Gardena Fingers Chocolate Wafer,38G,SAR,3.95,Low Price
Loacker,Gardena Fingers Chocolate Wafer With Coconut,38G,SAR,3.95,Low Price
Loacker,Gran Pasticceria Creme Noisette,100G,SAR,9.5,Medium Price
M&M,Chocolate,180G,SAR,8.75,Medium Price
Loacker,Gran Pasticceria Dark Hazelnut,100G,SAR,9.5,Medium Price
Maggi,Excellence Mushroom Soup,51G,SAR,4.5,Low Price
Mars,Chocolate Bar,51G,SAR,2.95,Low Price
M&M,Peanut Chocolate,100G,SAR,11.25,Medium Price
Maggi,Chicken Stocks Cubes,20G,SAR,0.8,Low Price
Maltesers,Milk Chocolate,37G,SAR,3.15,Low Price
Mirinda,Citrus,1L,SAR,5.0,Medium Price
Mazola,Corn Oil,1.8L,SAR,19.7,Medium Price
Mirinda,Orange,330 Ml,SAR,2.5,Low Price
Minis,Mixed Chocolates,500G,SAR,32.95,High Price
Mazola,Sunflower Oil,2x1.8L,SAR,18.95,Medium Price
Mountain Dew,Bottle,330 Ml,SAR,2.5,Low Price
Mcvitie's,Digestive Biscuits Covered with Milk Chocolate,300G,SAR,11.95,Medium Price
Moussy,Classic Malt Beverage Can,330 Ml,SAR,4.95,Low Price
Nadec,Long Life Full Fat Milk,12 x 1L,SAR,34.5,High Price
Nadec,Organic Extra Virgin First Extraction Olive Oil,250 Ml,SAR,12.6,Medium Price
Nadec,Long life Low Fat Milk,12 × 1L,SAR,34.5,High Price
Punjabi Al Muhaidib,Brown Basmati Rice,2Kg,SAR,23.95,High Price
Perrier,Water,330 Ml,SAR,5.25,Medium Price
Rainbow,Original Evaporated Quality Milk,170G,SAR,2.5,Low Price
Premium Harvest,Dehydrated Baby Pineapple,200G,SAR,23.9,High Price
Premium Harvest,Dehydrated Mango,200G,SAR,23.9,High Price
Rauch,Apple Nectar Juice,250 Ml,SAR,5.0,Medium Price
Rio Mare,Light Meat Tuna In Olive Oil,80G,SAR,6.85,Medium Price
Rahma,Extra Virgin Olive Oil,250 Ml Free + 750 Ml,SAR,19.95,Medium Price
Nova,Drinking Water Glass Bottle,0.55 Ml,SAR,1.0,Low Price
Nutella,Hazelnut Spread With Cocoa,200G,SAR,12.25,Medium Price
Noor,Sunflower Oil,1.8L + 750 ml,SAR,17.5,Medium Price
Orient Gardens,Pomegranate Molasses,250G,SAR,9.0,Medium Price
Pepsi,Bottle,150 Ml,SAR,1.5,Low Price
Pepsi,Diet Bottle,250 Ml,SAR,2.5,Low Price
Nestlé,Nesquik Chocolate Breakfast Cereal,375G,SAR,18.95,Medium Price
Nestlé,Nesquik Chocolate Powder Pouch,14.3G,SAR,1.6,Low Price
Nestlé,Lion Chocolate Bar,42G,SAR,2.05,Low Price
Nestlé,Nido Fortified Full Cream Milk Powder,400G,SAR,24.95,High Price
Nestlé,Pure Life Water,330 Ml,SAR,0.5,Low Price
Nestlé,Sweetened Condensed Milk,90G,SAR,3.7,Low Price
Yamama,Grenadine Molasses,300 Ml,SAR,12.95,Medium Price
Rio Mare,Salatuna Mexico Recipe,160G,SAR,13.95,Medium Price
Rio Mare,Salatuna Beans,160G,SAR,26.95,High Price
Rio Mare,Salatuna Couscous And Tuna,160G,SAR,28.3,High Price
Rio Mare,Salatuna Maize Recipe,160G,SAR,13.95,Medium Price
Ruffles,Potato Chips Regular,6.5Z,SAR,14.95,Medium Price
Snickers,Chocolate,50G,SAR,2.95,Low Price
Saudia,Long Life Full Fat Milk,200 Ml,SAR,1.6,Low Price
Saudia,Long Life Low Fat Milk,1L,SAR,4.5,Low Price
Snickers,Crisper Fun Size,40G,SAR,2.95,Low Price
Sriracha,Hot Chili Sauce,266 Ml,SAR,12.85,Medium Price
Twinings,English Breakfast Tea Bags,25 x 1.5G,SAR,17.25,Medium Price
Tabasco,Tabasco Pepper Sauce,150 Ml,SAR,14.5,Medium Price
Tasali,Tasali Ketchup Potato Chips,180G,SAR,5.25,Medium Price
Ulker,Tea Biscuits,12 x 165G,SAR,17.95,Medium Price
Twix,Twin Bar,50G,SAR,2.95,Low Price
Twix,Bites Pouch,170G,SAR,11.5,Medium Price
Rainbow,Evaporated Quality Milk With Cardamom,170G,SAR,2.65,Low Price
Coca Cola,Plastic Bottle,400 Ml,SAR,2.5,Low Price
Rainbow,Evaporated Quality Low Fat Milk,170G,SAR,2.65,Low Price
Evian,Natural Mineral Water,24 x 500 Ml,SAR,100.95,Very High Price
Al Safi,Long Life Low Fat Milk,1L,SAR,4.1,Low Price
Volvic,Water,500 Ml,SAR,6.5,Medium Price
Sipa,Couscous,500G,SAR,10.45,Medium Price
Barbican,Malt Beverage Raspberry Flavor,330 Ml,SAR,5.0,Medium Price
Barbican,Malt Beverage Apple Flavor,330 Ml,SAR,5.0,Medium Price
Best,Salted Peanuts,4 x 330 Ml,SAR,0.6,Low Price
Evian,Natural Mineral Water,330 Ml,SAR,5.5,Medium Price
Indomie,Chicken Flavour Instant Noodles,70G,SAR,1.3,Low Price
Indomie,Vegetable Flavour Instant Noodles,75G,SAR,1.3,Low Price
Lipton,Lemon Ice Tea,320 Ml,SAR,3.0,Low Price
Caesar,Apple Jucie,250 Ml,SAR,3.0,Low Price
Heinz,Tomato Paste,135G,SAR,1.6,Low Price
KDD,Natural Tomato Paste,8 x 135G,SAR,7.95,Medium Price
Al Rabie,Orange Drink,250 Ml,SAR,1.95,Low Price
Caesar,Orange & Carrot Jucie,250 Ml,SAR,3.0,Low Price
Hershey's,Cookies 'N' Cream,40G,SAR,3.1,Low Price
KitKat,Milk Chocolate Bar 4 Finger,41.5G,SAR,2.1,Low Price
Nova,Chewing Gum Spearmint Sugar Free,2.5G,SAR,0.55,Low Price
Lipton,Peach Ice Tea,320 Ml,SAR,3.0,Low Price
Ulker,Halley Chocolate Coated Sandwich With Marshmallow,26G,SAR,1.05,Low Price
Ferrero Rocher,Raffaello,10G,SAR,3.5,Low Price
Toblerone,Swiss Milk Chocolate With Honey And Almond Noucat,35G,SAR,3.95,Low Price
Ulker,Cocosandwich Biscuit,22.5G,SAR,0.8,Low Price
Green's,The Original Carmelle,49G,SAR,1.9,Low Price
Florida's Natural,Orange Juice with pulp,300Ml,SAR,3.15,Low Price
Al Rabie,Orange Juice,200 Ml,SAR,1.6,Low Price
Vimto,Vimto Fruit Flavoured Drink,250 Ml,SAR,1.6,Low Price
Al Rabie,Fruit Cocktail Nectar,200 Ml,SAR,1.5,Low Price
Al Rabie,Apple Juice,200 Ml,SAR,1.6,Low Price
Al Rabie,Mango Nectar,200 Ml,SAR,1.6,Low Price
KDD,Guava Nectar,180 Ml,SAR,2.1,Low Price
Al Rabie,I'm Zein Chocolate Flavored Milk,200 Ml,SAR,1.25,Low Price
Bugles,Crispy Corn Snacks Smokin' BBQ,15 x 18G,SAR,12.95,Medium Price
Bugles,Crispy Corn Snacks Ketchup,15 x 18G,SAR,12.95,Medium Price
Saudia,Long Life Skimmed Milk,200 Ml,SAR,1.6,Low Price
Galaxy,Chocolate Crispy,36G,SAR,3.1,Low Price
Moussy,Malt Beverage Apple Flavor,330 Ml,SAR,5.0,Medium Price
Vimto,Fruit Flavored Sparkling Drink,250 Ml,SAR,1.75,Low Price
Bahlsen,Pick Up With Chocolate,28G,SAR,2.25,Low Price
Barbican,Malt Beverage Peach Flavor,330 Ml,SAR,5.0,Medium Price
Caesar,Pineapple Juice,250 Ml,SAR,3.0,Low Price
Canada Dry,Club Soda,12 Z,SAR,10.0,Medium Price
Nadec,Long life Skimmed Milk,12 x 1L,SAR,34.5,High Price
Nada,Long Life Full Fat Milk,12 x 1L,SAR,34.95,High Price
Nada,Long Life Low Fat Milk,12 x 1L,SAR,34.95,High Price
Atlas,Atlas Chickpeas,580G,SAR,5.0,Medium Price
Rauch,White Grape Juice,900 Ml,SAR,22.45,High Price
Puck,Plain Cream Replaced Milk Fat With Vegetable Oil,170G,SAR,3.25,Low Price
Saudia,Tomato Paste,135G,SAR,1.6,Low Price
Rauch,Red Grape Juice,900Ml,SAR,22.45,High Price
Fanta,Strawberry Soda,250 Ml,SAR,2.5,Low Price
Mirinda,Strawberry Can,355 Ml,SAR,2.5,Low Price
Mirinda,Green Apple Can,355 Ml,SAR,2.5,Low Price
KDD,Pineapple Juice,1L,SAR,7.95,Medium Price
Foster Clark's,Vanilla Essence,28 Ml,SAR,2.9,Low Price
Shani,Can,355 Ml,SAR,2.5,Low Price
Foster Clark's,Raspberry Jelly Dessert,85G,SAR,2.1,Low Price
Foster Clark's,Muhallabiah,85G,SAR,2.55,Low Price
Foster Clark's,Banana & Strawberry Jelly Dessert,85G,SAR,2.1,Low Price
Foster Clark's,Lime Jelly Dessert,85G,SAR,2.1,Low Price
Foster Clark's,Creme Caramel,71G,SAR,2.55,Low Price
Suntop,Orange Drink,125 Ml,SAR,1.0,Low Price
Riyadh Food,Vanilla Powder,20G,SAR,1.35,Low Price
Pringles,Salt & Vineger,165G,SAR,10.95,Medium Price
Galaxy,Flutes Chocolate Wafer 2 Fingers,22.5G,SAR,1.05,Low Price
Ferrero Rocher,Rocher Chocolate The Golden Experience,37.5G,SAR,5.25,Medium Price
Halls,Cherry Flavor,25.2G,SAR,1.05,Low Price
Red Bull,Energy Drink,250 Ml,SAR,9.95,Medium Price
Nada,Tomato Paste,8 x 135G,SAR,6.5,Medium Price
Bugles,Crispy Corn Snacks Nacho cheese,15 x 18G,SAR,12.95,Medium Price
Cadbury,Dairy Milk Flowrap,90G,SAR,6.95,Medium Price
Loacker,Cremkakao Wafer,45G,SAR,3.15,Low Price
Cadbury,Fruit and Nut,100G,SAR,6.5,Medium Price
Nada,Junior Strawberry Long Life Milk,18 x 125 Ml,SAR,10.95,Medium Price
Nada,Junior Full cream Long Life Milk,18 x 125 Ml,SAR,10.95,Medium Price
Barbican,Malt Beverage Strawberry Flavor,330 Ml,SAR,5.0,Medium Price
Freshly,Whole Kernel Corn,4 x 340G,SAR,11.5,Medium Price
Quavers,Potato Snack Cheese Flavor Light,20G,SAR,1.05,Low Price
Aloha,Light Meat Tuna In Vegetable Oil,185G,SAR,5.95,Medium Price
Mentos,Pure Fresh Wintergreen Sugar Free Chewing Gum,56G,SAR,11.45,Medium Price
Nature Valley,Crunchy Oats & Roasted Almonds Bars,42G,SAR,2.5,Low Price
Lipton,Red Fruits Ice Tea,320 Ml,SAR,3.0,Low Price
Luna,Full Cream Evaporated Milk,170G,SAR,2.2,Low Price
Americana,Butter Cookies,44G,SAR,1.3,Low Price
7 days,Swiss Roll Vanilla,12 x 20G,SAR,6.5,Medium Price
Holsten,Malt Beverage Cranberry Flavor,330 Ml,SAR,5.75,Medium Price
Mentos,Pure Fresh Freshmint Sugar Free Chewing Gum,56G,SAR,10.45,Medium Price
Barbican,Malt Beverage Pomegranate Flavor,330 Ml,SAR,5.0,Medium Price
Capri-Sun,Strawberry Drink,10 × 200 Ml,SAR,12.15,Medium Price
KDD,Cherry Drink,180 Ml,SAR,2.1,Low Price
Capri-Sun,Mixed Fruit Drink,10 x 200 Ml,SAR,12.15,Medium Price
Capri-Sun,Orange Drink,10 × 200 Ml,SAR,12.15,Medium Price
Nova,Chewing Gum Fruit Sugar Free,5 x 2.5G,SAR,0.55,Low Price
7 UP,Glass Bottle,250 Ml,SAR,2.5,Low Price
Ritz,Original Salted Biscuits,41G,SAR,1.05,Low Price
Galaxy,Ripple Milk Chocolate,25G,SAR,2.35,Low Price
Tropicana,Frutz Blackcurrant Cocktail Sparkling Drink,6 x  300 Ml,SAR,14.95,Medium Price
Junior,Mini Chocolate Croissant,32 grams,SAR,1.45,Low Price
Tropicana,Frutz Pomegranate Cocktail Sparkling Drink,6 x 300 Ml,SAR,14.95,Medium Price
Kras,Nougat Wafer,38G,SAR,1.3,Low Price
Aquafina,Drinking Water,1.5L,SAR,1.5,Low Price
Nestlé,Aero Milk Chocolate Bar,30G,SAR,2.05,Low Price
Kinder,Maxi With Milk Chocolate,21G,SAR,1.05,Low Price
Holsten,Malt Beverage Pomegranate Flavor,330 Ml,SAR,5.75,Medium Price
Dr. Pepper,Regular,12Z,SAR,10.0,Medium Price
Pringles,Cheesy Cheese,165G,SAR,10.95,Medium Price
Red Bull,Sugar free Energy Drink,250 Ml,SAR,9.95,Medium Price
Pringles,Barbeque,165G,SAR,10.95,Medium Price
Al Rabie,Berry Mix Premium Drink,200 Ml,SAR,1.5,Low Price
Moussy,Malt Beverage Pomegranate Flavor,330 Ml,SAR,4.95,Low Price
Pringles,Hot & Spicy,165G,SAR,10.95,Medium Price
Cadbury,Dairy Milk Hazelnut,87G,SAR,6.95,Medium Price
Almarai,Low Fat Evaporated Milk,170G,SAR,2.4,Low Price
Barbican,Malt Beverage,330 Ml,SAR,5.0,Medium Price
Tiffany,Break Delights Chocolate Wafers,12 x 25G,SAR,9.5,Medium Price
7 days,Strawberry Cake Bar,25G,SAR,0.8,Low Price
Kinder,Bueno White Chocolate,39 GRAMS,SAR,2.75,Low Price
Bonny,Low Fat Evaporated Milk,170G,SAR,3.15,Low Price
Tannourine,Natural Spring Water,0.5L,SAR,2.1,Low Price
Nadec,Long Life Vanilla Flavored Milk,200 Ml,SAR,1.65,Low Price
Nadec,Long Life Strawberry Flavored Milk,200 Ml,SAR,1.65,Low Price
Nadec,Long Life Chocolate Milk,200 Ml,SAR,1.65,Low Price
M&M,Mini Chocolate Tube,30.6G,SAR,3.5,Low Price
Holsten,Malt Beverage Strawberry Flavor,330 Ml,SAR,5.75,Medium Price
Cadbury,Dairy Milk Chocolate Bubbly,87G,SAR,6.95,Medium Price
Loacker,Crispy Wafers Filled With Vanilla Creme,45G,SAR,3.15,Low Price
Almarai,Long Life Fat Free Milk,12 × 1L,SAR,40.0,High Price
Almarai,Double Chocolate Long Life Milk,200 Ml,SAR,1.6,Low Price
Bahlsen,Pick Up With Chocolate And Caramel,28G,SAR,2.25,Low Price
Bazooka,Juicy Drop Pop Or  Pop Cola Candy,26G,SAR,8.25,Medium Price
Nada,Danyah Long Life Strawberry Milk,18 x 200 Ml,SAR,17.95,Medium Price
Bazooka,Big Baby Pop Candy Blueberry,32 G,SAR,5.45,Medium Price
M&M,Peanut Chocolate,45G,SAR,3.25,Low Price
Al Rabie,Berry Mix Fortified Drink,120 Ml,SAR,1.6,Low Price
Nada,Azzoz Long Life Strawberry Milk Full Cream,18 × 200 Ml,SAR,17.95,Medium Price
Nada,Danya Long Life Banana Milk,18 × 200 Ml,SAR,17.95,Medium Price
Mentos,Mixed Fruits Sugar Free Bubble Gum,64G,SAR,10.45,Medium Price
Nada,Azzoz Long Life Chocolate Milk,18 x 200 Ml,SAR,17.95,Medium Price
Nada,Danya Long Life Chocolate Milk,18 × 200 Ml,SAR,17.95,Medium Price
Snickers,Twin,40G,SAR,3.75,Low Price
Al Rabie,Multi Fruit Fortified Nectar,120 Ml,SAR,1.6,Low Price
Lipton,Pear & Peach Green Ice Tea,320 Ml,SAR,3.0,Low Price
Galaxy,Smooth Dark Chocolate,40G,SAR,3.1,Low Price
Nature Valley,Crunchy Oats & Chocolate,42G,SAR,2.5,Low Price
Oreo,Double stuff,48G,SAR,1.75,Low Price
Wrigley's,Turblenc 5 Watermelon,12 Pieces,SAR,5.5,Medium Price
Belvita,Bran Biscuit Rish in Fibre,62G,SAR,1.5,Low Price
KitKat,Chunky Milk Chocolate Bar,46G,SAR,2.65,Low Price
Saudia,Golden Taste Milk,1L,SAR,6.05,Medium Price
Belvita,Kleija With Cardamom,62G,SAR,1.5,Low Price
Oreo,Original Crème,38G,SAR,1.0,Low Price
Nature Valley,Crunchy Oats & Berries Bars,42G,SAR,2.5,Low Price
Galaxy,Flutes Chocolate Wafer 4 Fingers,45G,SAR,2.1,Low Price
Holsten,Malt Beverage Black Grape Flavor,330 Ml,SAR,5.5,Medium Price
Fonte,Vanilla CupCake,30G,SAR,0.55,Low Price
Wrigley's,Extra Spearmint Sugar Free Gums,60 Pieces,SAR,7.95,Medium Price
Al Rabie,Orange Drink,125 Ml,SAR,1.05,Low Price
KitKat,Chunky Caramel Chocolate Bar,52.5G,SAR,3.1,Low Price
Rauch,Peach Drink,250 Ml,SAR,5.0,Medium Price
Fanta,Grape Soda,12Z,SAR,8.5,Medium Price
Maggi,Beef Flavor Cubes,20G,SAR,0.8,Low Price
Maggi,Chicken Stocks Cubes Less Salt,20G,SAR,0.8,Low Price
Maggi,Cream of Chicken Soup,71G,SAR,3.75,Low Price
Maggi,Chicken With ABC Pasta Soup,66G,SAR,3.75,Low Price
Maggi,Chicken Noodle Soup,60G,SAR,3.4,Low Price
Maggi,Spring Season Soup,59G,SAR,4.15,Low Price
Nature Valley,Crunchy Oats & Cinnamon Bars,42G,SAR,2.5,Low Price
Tropicana,Frutz Lemon Mint Cocktail Sparkling Drink,6 ×  300 Ml,SAR,14.95,Medium Price
Tiffany,Fiori Caramel,40G,SAR,1.05,Low Price
Cadbury,Dairy Milk Plain,37G,SAR,2.95,Low Price
Nestlé,Toffee Crisp Chocolate,38G,SAR,2.65,Low Price
Berain,Water,40 × 330 Ml,SAR,15.7,Medium Price
Evian,Natural Mineral Water,1.25L,SAR,12.25,Medium Price
Nature Valley,Crunchy Oats & Coconut Bars,42G,SAR,2.5,Low Price
Bazooka,Candy Triple Push Pop,34G,SAR,8.25,Medium Price
Al Baker,Patent Flour For All Purpose,1Kg,SAR,3.95,Low Price
Oreo,Golden Milk Cookie,38G,SAR,1.05,Low Price
Kellogg's,Coco Pops Snack Bar,20G,SAR,2.65,Low Price
KitKat,Crunchy Cookies,19.5G,SAR,1.6,Low Price
Cofique,Iced Caramel Coffee,24G,SAR,3.5,Low Price
Aquafina,Drinking Water,500 Ml,SAR,0.8,Low Price
Godiva,Dark Chocolate,30G,SAR,3.95,Low Price
Ulker,Biskrem Cocoa Cream Filled Cookie,16 x 40G,SAR,8.95,Medium Price
Bazooka,Flip 'N' Dip Cola,25G,SAR,6.3,Medium Price
Bazooka,Flip 'N' Dip Black Currant,25G,SAR,6.3,Medium Price
Lusine,Strawberry Cup Cake,540G,SAR,0.65,Low Price
Lusine,Chocolate Cup Cake,540G,SAR,0.65,Low Price
Lusine,Vanilla Cup Cake,540G,SAR,0.65,Low Price
Berain,Drinking Water,5L,SAR,4.5,Low Price
KitKat,Coconut 5 Fingers,40G,SAR,3.65,Low Price
KitKat,Caramelized Hazelnut 5 Fingers,40G,SAR,3.65,Low Price
Nescafe,3 In 1 Hazelnut Instant Coffee,17G,SAR,1.6,Low Price
Almarai,Nijoom Strawberry Flavored Long Life Milk,150 Ml,SAR,1.0,Low Price
Almarai,Nijoom Chocolate Flavored Long Life Milk,150 Ml,SAR,1.0,Low Price
Naqi,Water Bottle,200 Ml,SAR,0.4,Low Price
KitKat,Hazelnut Crunch,23G,SAR,1.6,Low Price
Holsten,Malt Beverage Mojito Flavor,330 Ml,SAR,5.5,Medium Price
Oreo,Cake Cadbury Coated,12 × 24G,SAR,8.95,Medium Price
Mcvitie's,Digestive Creams Vanilla Biscuit,44G,SAR,1.05,Low Price
Almarai,Nijoom Full Fat Plain Milk,150 Ml,SAR,1.0,Low Price
ALICAFE,Signature 3 In 1 French Roast Instant Coffee,24 x 25G,SAR,25.75,High Price
Baja,Instant Arabic Coffee Normal Flavor,30G,SAR,4.15,Low Price
Nada,Danya Long Life Milk Full Cream,18 × 200 Ml,SAR,17.95,Medium Price
Maggi,Vegetable Stocks Cubes,20G,SAR,0.8,Low Price
Nada,Azzoz Long Life Milk Full Cream,18 × 200 Ml,SAR,17.95,Medium Price
Galaxy,White Chocolate,38G,SAR,3.1,Low Price
Baja,Instant Arabic Coffee Cloves Flavor,30G,SAR,4.15,Low Price
Cadbury,Dairy Milk Oreo,38G,SAR,3.15,Low Price
Karak Tea,Instant Premix with Saffron,20G,SAR,3.15,Low Price
Doritos,Sweet Chilli Pepper,25G,SAR,1.05,Low Price
Almarai,Nijoom Vanilla Flavored Long Life Milk,150 Ml,SAR,1.0,Low Price
Twix,Extra Chocolate,75G,SAR,3.75,Low Price
Almarai,Nijoom Banana Flavored Long Life Milk,150 Ml,SAR,1.0,Low Price
Karak Tea,Instant Premix with Cardamom,20G,SAR,2.1,Low Price
Effect,Energy Drink,250 Ml,SAR,7.5,Medium Price
Galaxy,Chocolate With Hazelnut,40G,SAR,3.1,Low Price
Extra,Tab Envelope Peppermint Gum,32G,SAR,4.25,Low Price
Tropicana,Frutz Mango Peach Cocktail Sparkling Drink,300 Ml,SAR,3.15,Low Price
Reese's,Nut Bar With Chocolate Milk,47G,SAR,3.65,Low Price
Moussy,Malt Beverage Ice Berry Flavor,330 Ml,SAR,5.0,Medium Price
Galaxy,Chocolate With Fruit & Nut,40G,SAR,3.1,Low Price
Almarai,Full Fat Evaporated Milk,170G,SAR,2.4,Low Price
Twix,Top Chocolate,21G,SAR,1.05,Low Price
Galaxy,Chocolate With Caramel,40G,SAR,3.1,Low Price
Galaxy,Smooth Milk Chocolate,90G,SAR,6.5,Medium Price
Almarai,Strawberry Flavored Long Life Milk,200 Ml,SAR,1.6,Low Price
Hershey's,Milk Chocolate,1.55Z,SAR,8.5,Medium Price
Doritos,Spicy Sweet Chili,3.25Z,SAR,7.95,Medium Price
Farm,Pure ghee,400G,SAR,20.95,High Price
Foster Clark's,Baking Powder,110G,SAR,3.7,Low Price
Freshly,Balsamic Grape Vinegar Of Modena,250 Ml,SAR,9.5,Medium Price
Nature Valley,Singles Oats & Honey Bars,21G,SAR,1.0,Low Price
Zanjbila,Natural Ginger Drink,400 Ml,SAR,3.0,Low Price
Eti Adicto,Classic Brownie Cake,200G,SAR,8.75,Medium Price
Nature Valley,Singles Oats & Chocolate Bars,21G,SAR,1.0,Low Price
Al Safi,Safio Cornflakes Milk,200 Ml,SAR,1.75,Low Price
Al Safi,Safio Cookies Milk,200 Ml,SAR,1.75,Low Price
Al Shifa,Black Forest Honey,250G,SAR,48.25,High Price
Al Shifa,Natural Honey,250G,SAR,21.75,High Price
Almarai,Mixed Fruit Juice,200Ml,SAR,1.05,Low Price
Almarai,Pure Butter Ghee,400G,SAR,20.95,High Price
Alosra,Fine Sugar,1Kg,SAR,3.4,Low Price
Davidoff,Instant Coffee Rich Aroma,100G,SAR,19.5,Medium Price
Goody,Vermicelli Nest Pack,250G,SAR,3.85,Low Price
Crystal,Hot Sauce,3Z,SAR,1.6,Low Price
Geisha,Geisha white Meat Tuna in Rice Oil & Salt Added,100G,SAR,9.95,Medium Price
California Garden,Peeled Fava Bean With Chili,450G,SAR,5.25,Medium Price
Toblerone,Tiny chocolate,200G,SAR,10.75,Medium Price
Kellogg's,Frosties Sugar Frosted Flakes of Corn,500G,SAR,25.95,High Price
Goody,Pasta,Assorted Shapes,SAR,3.85,Low Price
Nova,Chewing Gum Peppermint Sugar Free,5 x 2.5G,SAR,0.55,Low Price
Shop Rite,Butter Flavor Cooking Spray,227G,SAR,20.95,High Price
Betty Crocker,Supermoist Dark Chocolate,500G,SAR,11.0,Medium Price
Betty Crocker,Supermoist Milk Chocolate Cake,500G,SAR,11.0,Medium Price
Betty Crocker,SuperMoist Yellow Cake,500G,SAR,11.0,Medium Price
Cadbury,Flake,32G,SAR,3.0,Low Price
Green Giant,Niblet Corn,340G,SAR,6.05,Medium Price
Goody,Creamy French Dressing,8Z,SAR,7.95,Medium Price
Betty Crocker,Supermoist White Chocolate Swirl Cake,500G,SAR,11.0,Medium Price
Al Wazir,Olive Oil,500 Ml,SAR,18.85,Medium Price
Betty Crocker,Supermoist White Cake,500G,SAR,11.0,Medium Price
RS,Olive Oil,500 Ml,SAR,15.5,Medium Price
Wafer Master,Chocolate With Hazelnut,400G,SAR,16.5,Medium Price
Hershey's,Kisses Milk Chocolate,226G,SAR,24.45,High Price
Goody,Pancake Syrup,24Z,SAR,13.25,Medium Price
Bounty,Coconut Chocolate Bar,57G,SAR,2.95,Low Price
Nahool,Raisin Cake,12 × 28G,SAR,8.35,Medium Price
Nescafe,Gold Rich & Smooth Instant Coffee,100G,SAR,21.95,High Price
Mcvitie's,Digestive The Original Delicious Wheat Biscuits,400G,SAR,11.95,Medium Price
Maggi,Coconut Milk Powder Mix,300G,SAR,16.0,Medium Price
Dream Whip,Whipped Topping Mix,144G,SAR,10.95,Medium Price
Davis,UnFlavored Gelatin,50G,SAR,14.65,Medium Price
Nestlé,Cream,170G,SAR,4.75,Low Price
Melitta,Auslese Classic Coffee,500G,SAR,54.95,Very High Price
Golden Crown,Cream,286G,SAR,7.5,Medium Price
Al Taj,Original Cream,155G,SAR,5.25,Medium Price
Lorenz,Chipsletten Hot & Spicy,100G,SAR,7.25,Medium Price
Keebler,Chips Deluxe Original Cookies,448G,SAR,26.9,High Price
Lorenz,Pomsticks Paprika,100G,SAR,7.95,Medium Price
Hershey's,Milk Chocolate Chips,275G,SAR,17.95,Medium Price
Halwani Brothers,Strawberry Jam,400G,SAR,4.95,Low Price
Melitta,Premium Highland Coffee,500G,SAR,54.95,Very High Price
Nakhlatain,Pure Vegetable Oil For Frying,1.8L,SAR,11.95,Medium Price
Lusine,White Sliced Bread,1 count,SAR,4.2,Low Price
Hershey's,Semi-Sweet Chocolate Chips,275G,SAR,18.85,Medium Price
Lusine,Brown Sliced Bread,1 count,SAR,5.25,Medium Price
Najjar,Brazilan Coffee Classic,200G,SAR,17.5,Medium Price
American Garden,Mushroom Pasta Sauce,14Z,SAR,8.5,Medium Price
Keebler,Chips Deluxe Chocolate Chunk Cookies,328G,SAR,26.9,High Price
Goody,Spaghetti Pasta,450G,SAR,3.85,Low Price
Freshly,Popcorn In Jar,16Z,SAR,11.55,Medium Price
Freshly,Ranch Salad Dressing,16Z,SAR,8.95,Medium Price
Freshly,French Salad Dressing,16Z,SAR,8.95,Medium Price
Goody,Grape Leaves,960G,SAR,21.95,High Price
Coopoliva,Black Pitted Olives Can,75G,SAR,4.25,Low Price
Indofood,Sweet Soy Sauce,625 Ml,SAR,18.25,Medium Price
Fuchsia,Sesame Burger Bread,6 pieces,SAR,3.15,Low Price
Coopoliva,Black Olives Can,200G,SAR,5.95,Medium Price
Olite,Canola Oil With Omega 3,1.8L,SAR,19.9,Medium Price
Fuchsia,Sliced Bread Brown,1 count,SAR,5.45,Medium Price
Coopoliva,Black Olives Sliced Jar,510G,SAR,16.95,Medium Price
California Garden,Fava beans Lebanese Recipe,450G,SAR,5.25,Medium Price
California Garden,Fava beans Egyptian Recipe,450G,SAR,5.25,Medium Price
California Garden,Fava Beans Saudi KOSHNA Recipe,450G,SAR,5.25,Medium Price
California Garden,Peeled Fava Beans Secret Recipe,450G,SAR,5.25,Medium Price
Goody,Pieces and Stems Mushroom,400G,SAR,5.75,Medium Price
American Garden,Grape Leaves,32Z,SAR,25.15,High Price
Affco,Chicken Luncheon Meat Hallal,340G,SAR,9.2,Medium Price
California Garden,Premium Fava Beans Plain Medammes,450G,SAR,3.5,Low Price
Ideal,Black Olives Can,250G,SAR,9.95,Medium Price
Freshly,Chick Peas Jar,580G,SAR,3.75,Low Price
Freshly,Corned Beef,340G,SAR,11.95,Medium Price
American Garden,Blueberry Topping & Filling,21Z,SAR,22.3,High Price
Freshly,Iodized Table Salt,26Z,SAR,2.95,Low Price
Freshly,Natural Sliced Mushroom,390G,SAR,6.95,Medium Price
Betty Crocker,Supermoist Vanilla Cake,500 Grams,SAR,11.0,Medium Price
American Garden,Strawberry Topping & Filling,21Z,SAR,17.3,Medium Price
Goody,Light Meat Tuna With Chilli,185G,SAR,6.95,Medium Price
Goody,Sliced Pineapple,567G,SAR,6.85,Medium Price
Haitai,Cheese Crackers,222G,SAR,7.0,Medium Price
Indofood,Mild Sweet Soy Sauce,625 Ml,SAR,18.25,Medium Price
Abu Zahra,Pure Sunflower Oil,1.8L,SAR,9.95,Medium Price
Weinrich,White Chocolate Baking Bar,250G,SAR,23.95,High Price
Weinrich,Fine Milk Chocolate Baking Bar,250G,SAR,24.95,High Price
Maggi,Seasoning,200 Ml,SAR,6.55,Medium Price
Smedley,Baked Beans,219G,SAR,3.15,Low Price
Rainbow,Full Cream Milk Powder,1.8kg,SAR,64.95,Very High Price
Geisha,Light Meat Tuna In Oil,200G,SAR,7.95,Medium Price
Shop Rite,Vegetable Oil Cooking Spray,227G,SAR,20.95,High Price
Rabea,Express Tea Bags,100 x 2G,SAR,18.95,Medium Price
Geisha,White Meat Tuna In Oil,185G,SAR,17.75,Medium Price
Lusine,Cheese Puff,70G,SAR,1.05,Low Price
Sunwhite,Calrose Rice,2Kg,SAR,16.5,Medium Price
Herfy,Cluster Roll,8 Pieces,SAR,3.15,Low Price
Capri-Sun,Wafers Sticks Cocoa,400G,SAR,24.4,High Price
Haitai,Original Crackers,222G,SAR,7.0,Medium Price
Al karama,Spring Roll Pastry,250G,SAR,6.25,Medium Price
Al Wazir,Extra Virgin Olive Oil,500 Ml,SAR,19.95,Medium Price
Riyadh Food,Baking Powder,100G,SAR,2.35,Low Price
Riyadh Food,Bicarbonate Of Soda,100G,SAR,2.35,Low Price
Luna,Sweetened Condensed Milk,395G,SAR,6.85,Medium Price
Lipton,Yellow Label Black Loose Tea,400G,SAR,18.75,Medium Price
Lusine,Cheese Croissant,60G,SAR,1.05,Low Price
Twinings,Pure Green Tea,25 Pieces,SAR,20.5,High Price
Nestlé,Fitness Fruits Breakfast Cereal Low Fat,375G,SAR,21.5,High Price
Mcvitie's,Digestive Light Wheat Biscuits,250G,SAR,9.95,Medium Price
Lipton,Green Mint Tea,100 Teabags x 1.5G,SAR,20.95,High Price
Shahea,Pure Corn Oil,3.5L,SAR,34.95,High Price
Freshly,Ground Black Pepper,3Z,SAR,14.1,Medium Price
Freshly,Italian Seasoning,1.2Z,SAR,8.65,Medium Price
Mr. Krisps,Spicy & Hot Cheese Balls,80G,SAR,7.95,Medium Price
Nescafe,Gold Instant Coffee,50G,SAR,12.95,Medium Price
Lotte,Kancho Choco Biscuit,34G,SAR,1.85,Low Price
Nescafe,Gold Decaf Rich & Smooth Instant Coffee,100G,SAR,25.95,High Price
Al Alali,Arabic Dessert Syrup,675G,SAR,15.7,Medium Price
Mentos,White Tutti Frutti Sugar Free Chewing Gum,38 Count,SAR,8.5,Medium Price
Mentos,White Sweetmint Sugar Free Chewing Gum,38 Count,SAR,8.5,Medium Price
Kellogg's,Coco Pops Rocks,350G,SAR,22.0,High Price
California Garden,Mushrooms Pieces and Stems,425G,SAR,6.95,Medium Price
Lipton,Green Lemon Tea,100 Teabags x 1.5G,SAR,22.5,High Price
Freshly,Hot Buffalo Chicken Wing Sauce,12Z,SAR,10.25,Medium Price
Anoosh,Cinnamon Maamoul,320G,SAR,8.95,Medium Price
Mazola,Frying Oil,1.8L,SAR,12.5,Medium Price
Goody,Popcorn,850G,SAR,15.95,Medium Price
Lorenz,Saltletts Cocktail Mix,180G,SAR,10.65,Medium Price
Anoosh,Date Molasses Maamoul,320G,SAR,10.75,Medium Price
Kens,Steak House Lite Ranch Dressing,473 Ml,SAR,19.5,Medium Price
Al Alali,Corn Flour,450G,SAR,8.25,Medium Price
Al Alali,Natural White Vinegar,473 Ml,SAR,4.95,Low Price
Freshly,Original Barbecue Sauce,18Z,SAR,6.65,Medium Price
Freshly,Natural Distilled White Vinegar,3.78L,SAR,18.3,Medium Price
Freshly,Dark Red Kidney Beans,15Z,SAR,4.45,Low Price
Freshly,Whole Peeled Plum Tomatoes In Tomato Juice,390G,SAR,2.25,Low Price
Freshly,Sliced Beets,425G,SAR,6.3,Medium Price
Al Rifai,French Cafe,250G,SAR,20.95,High Price
Freshly,Buffalo Chicken Wing Sauce,355 Ml,SAR,9.95,Medium Price
Davidoff,Instant Coffee Espresso 57 Intense,100G,SAR,19.5,Medium Price
Sunny,Sunny Pure Vegetable Oil For Cooking,1.8L,SAR,16.3,Medium Price
Sugar In The Raw,Turbinado Cane Sugar,907G,SAR,11.95,Medium Price
Herfy,Sliced Bran Bread,600G,SAR,5.25,Medium Price
Americana,Chicken Burger hot and crispy,678G,SAR,19.95,Medium Price
Herfy,Sliced White Jumbo Bread,1 count,SAR,4.2,Low Price
Lorenz,Crunchips Light Sour Cream,90G,SAR,7.85,Medium Price
Nestlé,Coffee-Mate Light Coffee Creamer,450G,SAR,19.75,Medium Price
Rainbow,Sweetened Condensed Milk,397G,SAR,7.45,Medium Price
Dazaz,Sugar White Sugar Stick,100 x 5G,SAR,9.2,Medium Price
Goody,Arabic Sweets' Syrup,710 Ml,SAR,11.75,Medium Price
Goody,Chopped Tomatoes In Tomato Juice,400G,SAR,3.5,Low Price
Al Jabal,Tahina Liquid,500G,SAR,16.75,Medium Price
Herfy,Sandwish Jumbo,3 Pieces,SAR,3.15,Low Price
Tamimi Markets,Turmeric Powder,240G,SAR,7.95,Medium Price
Freshly,Anchovies Flat Fillets In Sunflower Oil,50G,SAR,7.6,Medium Price
Foster Clark's,Vanilla Powder,15G,SAR,4.15,Low Price
Mcvitie's,Digestive Biscuit Covered with Dark Chocolate,200G,SAR,9.55,Medium Price
Geisha,Fancy Meat Tuna In Sunflower Oil,200G,SAR,8.35,Medium Price
Lipton,Green Classic Tea,100 Teabags x 1.5G,SAR,23.05,High Price
Ferrero Rocher,Chocolate Collection,269G,SAR,47.25,High Price
Mars,Chocolate Bars,6 x 51G,SAR,17.5,Medium Price
Dazaz,Sugar Pure Icing Sugar,1Kg,SAR,8.95,Medium Price
Freshly,Natural Microwave Popcorn,10.50Z,SAR,12.3,Medium Price
Freshly,Microwave Popcorn,10.50Z,SAR,12.3,Medium Price
Freshly,Lite Butter Flavor Microwave Popcorn,10.50Z,SAR,12.3,Medium Price
Freshly,Natural Butter Flavor Microwave Popcorn,10.50Z,SAR,12.3,Medium Price
Herfy,Minced Chicken,400G,SAR,7.6,Medium Price
Herfy,Minced Chicken,750G,SAR,11.5,Medium Price
Nestlé,Chocapic Whole Wheat Chocolate Cereal,20% Free 450G,SAR,18.95,Medium Price
Hershey's,Syrup Caramel,22Z,SAR,10.95,Medium Price
Goody,Microwave Natural Popcorn,3 x 85G,SAR,12.25,Medium Price
Goody,Microwave Popcorn Butter Flavor,3 x 85G,SAR,12.25,Medium Price
Tamimi,Lamb Burger,500 g,SAR,20.0,High Price
Foody's,White Fish Fillet,1Kg,SAR,31.45,High Price
Freshly,Fettuccine Italian Style,16Z,SAR,9.5,Medium Price
ALICAFE,3 In 1 Instant Classic Coffee,35 + 5 Sachets Free x 20G,SAR,36.95,High Price
Freshly,Balsamic Vinegar Of Modena Cream,150 Ml,SAR,16.8,Medium Price
Freshly,Whole Kernel Corn Ready To Eat Spoon Included,8Z,SAR,2.75,Low Price
Victoria,Vine Leaves Stuffed With Rice,400G,SAR,9.95,Medium Price
Rahma,Olive Pomace Oil In Extra Virgin Olive Oil,500Ml,SAR,16.95,Medium Price
Sunbites,Cheese & Herbs Bread Bite,110G,SAR,5.05,Medium Price
Noor,Fry Lite Blended Oil,1.8L,SAR,13.95,Medium Price
Freshly,Onion Powder,3Z,SAR,9.7,Medium Price
Sasa,Iodized Table Salt,750G,SAR,2.75,Low Price
American Garden,Blackberry Topping & Filling,21Z,SAR,18.4,Medium Price
Borgat,Raspberry & Blackberry Gummy Candy,100G,SAR,4.75,Low Price
Capri-Sun,Wafers Chocolate,250G,SAR,16.0,Medium Price
Bugles,Crispy Corn Snacks Original,125G,SAR,6.5,Medium Price
Lays,Quavers Cheese Flavor Light Potato Snack,90G,SAR,4.95,Low Price
Freshly,Pancake Syrup Buttery Taste,12Z,SAR,12.95,Medium Price
Pringles,Ketchup,165G,SAR,10.95,Medium Price
Mcvitie's,Digestive Wholesense Wholewheat Biscuits,400G,SAR,13.6,Medium Price
Hanaa,Butter Flavour Vegetable Ghee,2L,SAR,27.95,High Price
Hershey's,Unsweetened Cocoa Powder,226G,SAR,23.95,High Price
Abu Jabal,Long Leaf Tea,200G,SAR,20.95,High Price
California Garden,Peeled Fava Bean With Chili,3 + 1 Free x 450G,SAR,15.25,Medium Price
Freshly,Fat Free Ranch Salad Dressing,16Z,SAR,13.95,Medium Price
Castania,Extra Nuts,450G,SAR,30.4,High Price
California Garden,Peeled Fava Beans Secret Recipe,3 + 1 Free x 450G,SAR,15.25,Medium Price
Fonte,Brown Sliced Bread,665G,SAR,5.25,Medium Price
Mcvitie's,Choco Hob Nobs,300G,SAR,11.3,Medium Price
Fonte,Jumbo Sub Sandwich Sesame Bread,3 Pieces 375G,SAR,3.3,Low Price
Fonte,Jumbo Sesame Burger Bun,6 Pieces 500G,SAR,4.5,Low Price
Fonte,Medium Sesame Burger Bun,6 Pieces 400G,SAR,3.15,Low Price
Siafa,Ajwa Al Madinah Al Munawwarah,400G,SAR,36.75,High Price
Nature Valley,Crunchy Oats & Apple Bars,12 x 42G,SAR,12.75,Medium Price
Nature Valley,Crunchy Oats & Honey Bars,6 x 42G,SAR,12.75,Medium Price
Chung Yang,Foods Korean Sesame Oil,320Ml,SAR,37.5,High Price
Bonny,Full Cream Evaporated Milk bottle,170G,SAR,4.55,Low Price
Siafa,Sukkary Dates,400G,SAR,22.55,High Price
Bahlsen,Waffeletten Dark,100G,SAR,13.95,Medium Price
Goody,Fettuccini Pasta,500G,SAR,5.25,Medium Price
Goody,Lasagna Pasta,500G,SAR,6.75,Medium Price
Maekrua,Oyster Sauce,600 Ml,SAR,14.2,Medium Price
Shams,Sunflower Oil,1.8L,SAR,15.25,Medium Price
Nakheel,Pure Vegetable Oil For Frying,1.8L,SAR,8.95,Medium Price
Campfire,Marshmallows Regular White,300G,SAR,14.45,Medium Price
Campfire,Marshmallows Multifruit,300G,SAR,14.45,Medium Price
Campfire,Marshmallows Multifruit Mini,300G,SAR,14.45,Medium Price
Perfetto,Spaghetti,450G,SAR,4.75,Low Price
Time,Wafer Master,120G,SAR,9.85,Medium Price
Borgat,Glow Stix Gummy Candy,175G,SAR,5.75,Medium Price
Borgat,Raspberry & Blackberry Gummy Candy,175G,SAR,5.75,Medium Price
Borgat,Cola Gummy Candy,100G,SAR,4.75,Low Price
Premium Harvest,Peeled Chestnut,100G,SAR,6.85,Medium Price
Lusine,Multigrain Sliced Bread,600G,SAR,6.25,Medium Price
Kinder,Bueno With Milk Chocolate & Hazelnut,5 × 43G,SAR,13.0,Medium Price
7 days,Croissant With Strawberry,50G,SAR,1.05,Low Price
Baja,Salted Pistachio,160G,SAR,13.95,Medium Price
Baja,Salted Cashew,160G,SAR,14.6,Medium Price
Baja,Mixed Deluxe Nuts,160G,SAR,13.95,Medium Price
Mentos,Squeez Strawberry Chewing Gum No Sugar Added,56G,SAR,13.8,Medium Price
Extra,Professional Mints Peppermint,20G,SAR,5.25,Medium Price
Premium Harvest,Dehydrated Figs,250G,SAR,20.2,High Price
Farmers' Union,Pure Wild Flower Honey,400G,SAR,24.95,High Price
Premium Harvest,Dehydrated Apricot,250G,SAR,20.2,High Price
Night Orient,Premium Grape Merlot,750 Ml,SAR,52.5,Very High Price
Bonny,Full Cream Evaporated Milk bottle,340G,SAR,5.95,Medium Price
Baja,Extra Mixed Nuts,500G,SAR,36.5,High Price
California Garden,Light Tuna Chunk In Vegetable Oil,170G,SAR,5.75,Medium Price
Baja,Barbeque Mixed Deluxe,500G,SAR,44.95,High Price
Fonte,Spicy Tortilla Wraps,8 Inch 6 Pieces 250G,SAR,4.95,Low Price
Fonte,Tortilla Wraps,8 Inch 6 Pieces 250G,SAR,4.95,Low Price
Bahlsen,Choco Leibniz Caramel,135G,SAR,13.2,Medium Price
Fonte,Bread Crumbs,500G,SAR,7.1,Medium Price
Reem,Mushroom Pieces & Stems,425G,SAR,4.75,Low Price
Paldo,Seafood Noodle Soup,120G,SAR,5.25,Medium Price
Galaxy,Minis Smooth Milk Chocolate,150G,SAR,12.5,Medium Price
Galaxy,Minis Chocolate With Hzelnut,150G,SAR,12.75,Medium Price
Freshly,Chicken Vienna Sausage,4.6Z,SAR,4.15,Low Price
Lipton,Extra Strong Black Tea,400G,SAR,17.25,Medium Price
Almarai,Fresh Double Chocolate Milk,180Ml,SAR,1.5,Low Price
Siblou,Cod Fillets,500G,SAR,50.95,Very High Price
Goody,Alfredo Pasta Sauce,410G,SAR,8.75,Medium Price
Kinder,Bueno Mini,108G,SAR,10.25,Medium Price
Ritter Sport,Strawberry Yogurt Chocolate,100G,SAR,10.95,Medium Price
Tiffany,Break Rizzo Crunchy Wafer with Caramel,12x35G,SAR,9.5,Medium Price
Lays,Forno Black Pepper Baked Potato chips,170G,SAR,6.5,Medium Price
Lays,Forno Authentic Cheese Baked Potato chips,170G,SAR,6.5,Medium Price
Freshly,Oregano Leaves,0.8Z,SAR,5.75,Medium Price
Al Rifai,Turkish Cafe,250G,SAR,19.5,Medium Price
KitKat,Two Finger Mini Milk Chocolate Bar Snack Bag,19 x 13.5G,SAR,16.0,Medium Price
Walima,Peeled Tomatoes,400G,SAR,2.65,Low Price
Betty Crocker,Supermoist Dark Chocolate,2 x 500G,SAR,12.95,Medium Price
Heinz,Creamy Classic Mayonnaise,940 Ml,SAR,12.95,Medium Price
Target,Beef Luncheon Meat,340G,SAR,9.2,Medium Price
Hanaa,Whole peeled tomato,400G,SAR,2.4,Low Price
Sis,Brown Sugar,1Kg,SAR,12.55,Medium Price
Bounty,Coconut Chocolate,5 x 2 x 28.5G,SAR,14.0,Medium Price
Heinz,Real Garlic Mayonnaise,400 Ml,SAR,14.85,Medium Price
Ritter Sport,Cocoa Mousse Chocolate,100G,SAR,10.95,Medium Price
Kellogg's,Coco Pops Jumbos,375G,SAR,21.25,High Price
Golden Chair,Butter,340G,SAR,16.5,Medium Price
Premium Harvest,Dehydrated Cranberry,250G,SAR,18.4,Medium Price
Premium Harvest,Dehydrated Prunes,250G,SAR,20.2,High Price
Kellogg's,Coco Pops,500G,SAR,23.75,High Price
Betty Crocker,Supermoist Chocolate Fudge Cake,500G,SAR,11.0,Medium Price
Al Shifa,Natural Honey,400G,SAR,21.95,High Price
Nestlé,Fat Free Sweetened Condensed Milk,405G,SAR,9.4,Medium Price
Perfetto,Thin Spaghetti,450G,SAR,4.75,Low Price
Lorenz,Pomsticks Hot & Spicy,100G,SAR,7.95,Medium Price
Hershey's,Kisses Cookies N Cream,150G,SAR,15.7,Medium Price
7 days,Croissant With Cocoa Cream Filling,1 + 5 Free x 55G,SAR,5.25,Medium Price
Nestlé,Fitness Fruits Breakfast Cereal,20% Free 450G,SAR,21.5,High Price
Majdi,Mixed Meat Spices,100G,SAR,8.35,Medium Price
Betty Crocker,Pancake Crepe Or Waffle Mix,360G,SAR,10.5,Medium Price
Nestlé,Honey Cheerios Breakfast Cereal,430G,SAR,18.95,Medium Price
Twinings,Ginger Green Tea,25 Pieces,SAR,20.2,High Price
Nestlé,Lion Caramel & Chocolate Breakfast Cereal,480G,SAR,21.5,High Price
Twinings,Green Tea & Forest Fruits,25 Pieces,SAR,20.5,High Price
Aba-Al-Khail,Qassim Mixed Coffee,250G,SAR,12.95,Medium Price
Monin,Caramel Flavored Sauce,500 Ml,SAR,38.95,High Price
Quaker,White Oats,1Kg,SAR,16.75,Medium Price
Mcvitie's,Digestive Nibbles Caramel Balls,120G,SAR,7.45,Medium Price
Mcvitie's,Digestive Nibbles Dark Chocolate Balls,120G,SAR,7.45,Medium Price
Mcvitie's,Digestive Nibbles Milk Chocolate Balls,120G,SAR,7.45,Medium Price
Lorenz,Crunchips Paprika,175G,SAR,7.5,Medium Price
Paldo,Chajang Noodles,200G,SAR,6.75,Medium Price
Rio Mare,Salatuna Texana Recipe,160G,SAR,28.3,High Price
7 days,Croissant With Hazelnut & Cocoa,100G,SAR,2.1,Low Price
Premium Harvest,Exotic Mix,250G,SAR,23.05,High Price
Ritz,Crackers,24 × 100G,SAR,3.5,Low Price
Ferrero Rocher,Golden Gallery Chocolate,211.6G,SAR,32.95,High Price
KDD,Bechamel Sauce,1L,SAR,14.2,Medium Price
Lipton,Extra Strong Black Tea,100 Teabags x 2.2G,SAR,18.15,Medium Price
Lusine,Squares White Sandwich Bread,6 Sandwiches,SAR,2.0,Low Price
Lusine,Cream Cheese Sandwich,112.5G,SAR,2.1,Low Price
Betty Crocker,Cookie Cake Chocolate Chip,15 x 25G,SAR,31.9,High Price
Lusine,Milk Sliced Bread,600G,SAR,5.25,Medium Price
Nutella,B-Ready Wafer Filled With Nutella,22G,SAR,1.75,Low Price
Nutella,B-Ready Wafer Filled With Nutella,6 x 22G,SAR,9.75,Medium Price
Bahrain Dalla,Cinnamon Powder,100G,SAR,6.05,Medium Price
Bahrain Dalla,Cumin Powder,100G,SAR,6.05,Medium Price
Bahrain Dalla,Red Chili Powder,100G,SAR,6.05,Medium Price
Betty Crocker,Vanilla Flavored Cookie Cake with Chocolate Chip,15 x 25G,SAR,31.9,High Price
Goody,Rosee Pasta Sauce,448G,SAR,8.75,Medium Price
Sunbites,Salted Cashwes,160G,SAR,16.0,Medium Price
Sunbites,Salted Pistachios,160G,SAR,16.0,Medium Price
Maggi,Chicken Stocks With Natural Herbs Cubes,8 x 10G,SAR,3.65,Low Price
Lusine,Butter Croissant,85G,SAR,2.1,Low Price
Tanour,Healthy Bread With Black Seeds,240G,SAR,6.25,Medium Price
Bazooka,Push Pop Candy,10 X 15G,SAR,31.0,High Price
Sunbites,Salted Almonds,160G,SAR,16.0,Medium Price
Dilmah,Green Tea With Lemongrass,40G,SAR,8.25,Medium Price
Herfy,Chicken Strips,400G,SAR,18.95,Medium Price
Rio Mare,Light Meat Tuna In Extra Virgin Olive Oil,3 × 80G,SAR,16.75,Medium Price
Herfy,Chilli Chicken Strips,400G,SAR,18.95,Medium Price
Herfy,Chilli Chicken Burger Breaded,550G,SAR,19.95,Medium Price
Dilmah,Green Tea With Ginger,40G,SAR,8.25,Medium Price
Heinz,Tomato Ketchup 50% Less Sugar & Salt,400 Ml,SAR,11.5,Medium Price
7 days,Strudel with Apple Cinnamon Filling,55G,SAR,1.05,Low Price
Dilmah,Green Tea With Jasmine Flavour,40G,SAR,8.25,Medium Price
Nestlé,Nesquik Chocolate Cereal Bar,150G,SAR,17.5,Medium Price
Nescafe,Dolce Gusto Mocha Capsules,216G,SAR,43.4,High Price
Lotus,Biscoff Crunchy Biscuit Spread,400G,SAR,23.4,High Price
Borgat,Cola Gummy Candy,175G,SAR,5.75,Medium Price
Hot & Crispy,Country Fries Seasoned Potatoes,750G,SAR,8.75,Medium Price
Hot & Crispy,Wedges Seasoned Potatoes,750G,SAR,10.5,Medium Price
Palirria,Oriental Dolmas With Rice,280G,SAR,9.4,Medium Price
Goody,Date Spread,400G,SAR,13.95,Medium Price
Galaxy,Flutes White Chocolate Wafer 2 Fingers,36 x 22.5G,SAR,1.5,Low Price
Palirria,Sweet & spicy Dolmas,280G,SAR,9.4,Medium Price
Bahlsen,Pick Up Mini Biscuits With Chocolate And Milk,106G,SAR,7.25,Medium Price
Belmio,Intenso Coffee Capsules,10 Count,SAR,23.0,High Price
Belmio,Large Espresso Coffee Capsules,10 Count,SAR,23.0,High Price
Belmio,Allegro Coffee Capsules,10 Count,SAR,23.0,High Price
Belmio,Original Coffee Capsules,10 Count,SAR,23.0,High Price
Betty Crocker,Whipping Cream Mix,15%Off 2 x 140G,SAR,10.95,Medium Price
Betty Crocker,Red Velvet Cake,395G,SAR,16.5,Medium Price
Al Mehbaj,Almonds White Sliced,175G,SAR,14.5,Medium Price
Zad,Iodized Salt,700G,SAR,1.3,Low Price
Indomie,Beef Rendang Fried Noodles,122G,SAR,3.25,Low Price
Indomie,Chicken Fried Noodles,122G,SAR,3.25,Low Price
Lusine,Triple Cheese Puff,104G,SAR,2.1,Low Price
Belmio,Resoluto Coffee Capsules,10 Count,SAR,23.0,High Price
Goody,Sieved Tomatoes,700G,SAR,5.5,Medium Price
Ahmed Tea,Earl Grey Tea,100G,SAR,16.95,Medium Price
Ahmed Tea,Lemon and Ginger,20 x 2G,SAR,11.95,Medium Price
Ahmed Tea,Camomile And Lemongrass,20 x 1.5G,SAR,11.95,Medium Price
Ahmed Tea,Roibos and Cinnamon,20 x 1.5G,SAR,11.95,Medium Price
Heinz,Super Sweet Corn,900G,SAR,16.95,Medium Price
Almarai,Cream Modified With Vegetable Oil,170G,SAR,3.5,Low Price
Betty Crocker,Butter Milk Pancake Mix,907G,SAR,13.25,Medium Price
Goody,Natural Peanut Butter With No Added Sugar,340G,SAR,17.95,Medium Price
Nestlé,Chocolate Minis,480G,SAR,27.15,High Price
Paldo,Hot & Spicy Jumbo Noodles,110G,SAR,6.75,Medium Price
California Garden,Fava Beans Saudi KOSHNA Recipe,450G,SAR,5.25,Medium Price
California Garden,Fava beans Egyptian Recipe,450G,SAR,5.25,Medium Price
Green Giant,Green Giant Original Sweet Corn,4 x 150G,SAR,8.0,Medium Price
Paldo,Kimchi Flavor Jumbo Noodles,110G,SAR,6.75,Medium Price
Mf,Biryani Paste,250G,SAR,12.55,Medium Price
Mentos,Squeez Blackberry Chewing Gum No Sugar Added,28 Count,SAR,13.8,Medium Price
Bounty,Mini Coconut Chocolate,275G,SAR,15.75,Medium Price
Mars,Chocolate Minis,275G,SAR,17.25,Medium Price
Mentos,Pure Fresh Limemint Sugar Free Chewing Gum,56G,SAR,10.6,Medium Price
Orient Gardens,Chick Peas,370G,SAR,2.95,Low Price
American Garden,Caramel Original Syrup,24Z,SAR,12.55,Medium Price
Caffe Ottavo,Gran Gusto,52G,SAR,21.5,High Price
Ice Breakers,Sour Fruity Flavor,42G,SAR,10.4,Medium Price
Oreo,Minis,115G,SAR,9.45,Medium Price
Hershey's,Premier White Chips,12Z,SAR,21.9,High Price
Lays,Forno Labneh & Mint Baked Potato chips,170G,SAR,6.5,Medium Price
Lorenz,Country Chips Kettle Cooked German Potatoes Paprika,125G,SAR,11.7,Medium Price
Ritter Sport,Yoghurt Cubes Chocolate,176G,SAR,24.45,High Price
Betty Crocker,Royal Triple Chocolate Cake,610G,SAR,17.9,Medium Price
Goody,Tomato Ketchup,794G,SAR,13.6,Medium Price
Nescafe,Dolce Gusto Chai Tea Latte Capsules,159.2G,SAR,43.4,High Price
Caffe Ottavo,Coffee Fortissimo,52G,SAR,21.5,High Price
Caffe Ottavo,Lungo,52G,SAR,21.5,High Price
Nestlé,Nesquik Choco Hearts,335G,SAR,18.25,Medium Price
Barilla,Napoletana Pasta sauce,400G,SAR,12.55,Medium Price
Nutella,& Go With Bread Sticks,52G,SAR,5.25,Medium Price
Starbucks,Caramel Macchiato,220Ml,SAR,12.55,Medium Price
Starbucks,Chocolate Mocha,220Ml,SAR,12.55,Medium Price
Starbucks,Coffe Latte,220Ml,SAR,12.55,Medium Price
Twinings,Green Tea & Mint Tea Bags,50 Pisces,SAR,35.1,High Price
Twinings,English Afternoon Tea Bags,25 Pisces,SAR,20.4,High Price
Jana,Lubnan Rose Water,300 Ml,SAR,3.95,Low Price
Galaxy,Minis Chocolate With Caramel,168G,SAR,12.75,Medium Price
Jana,Lubnan Orange Blossom Water,300 Ml,SAR,3.95,Low Price
Jana,Kadi Water,300 Ml,SAR,6.25,Medium Price
Freshly,Natural Butter Flavor Microwave Popcorn 94% Fat Free,3 x 3.5G,SAR,12.3,Medium Price
Lays,Scoops Spicy Cheese Potato Snack,165G,SAR,6.4,Medium Price
Betty Crocker,Cookie Cake Vanilla & Chocolate,5 + 1 Free x 25G,SAR,10.6,Medium Price
Betty Crocker,Cookie Cake Chocolate Chip,5 + 1 Free x 25G,SAR,10.6,Medium Price
Betty Crocker,Mug Treat Blueberry Muffin With Blueberry Topping,270G,SAR,11.5,Medium Price
Betty Crocker,Mug Treat Hot Fudge Brownie With Fudge Topping,300G,SAR,11.5,Medium Price
KitKat,Mini Moments,25 Pieces 427.5G,SAR,31.95,High Price
Betty Crocker,Creme Caramel Mix With Caramel Topping,5 + 1 Free x 69G,SAR,13.5,Medium Price
Betty Crocker,Mug Treat Triple Chocolate Cake With Chocolate Topping,255G,SAR,11.5,Medium Price
Maggi,Excellence Broccoli Soup,48G x 5 Sachets + Free Pyrex,SAR,23.75,High Price
Rustico,Pure Black Forest Bee Honey,500G,SAR,49.5,High Price
Maggi,Bechamel Mix,80G x 4 + Free Pyrex,SAR,18.25,Medium Price
Maggi,Excellence Chicken Soup with Corn,47G x 5 Sachets + Free Pyrex,SAR,23.75,High Price
Majdi,Channa Dal,800G,SAR,10.55,Medium Price
Majdi,Red Masoor Dal,800G,SAR,10.35,Medium Price
Al Safi,Safio Long Life Plain Milk,18 x 200 Ml,SAR,18.95,Medium Price
Lusine,Milk Sandwich Roll,200G,SAR,2.25,Low Price
Kinder,Chocolate Mini,120G,SAR,10.25,Medium Price
California Garden,Premium Fava Beans Plain Medammes,15% Free 2 x 450G,SAR,5.5,Medium Price
KitKat,Mini Moment Cookies & Cream,15% Off 8 Pieces,SAR,11.5,Medium Price
Kellogg's,Coco Pops Original,375G,SAR,20.95,High Price
Emborg,Emborg Minced Molokhia,400G,SAR,4.95,Low Price
Emborg,Emborg Okra Fine,400G,SAR,4.95,Low Price
Rio Mare,Tuna With A Little Extra Virgin Olive Oil,20% Off 3Can x 60G,SAR,20.5,High Price
Hershey's,Cookies & Cream Snacks,242G,SAR,24.0,High Price
St. Dalfour,Thick Apricot Jam No Sugar Added,284G,SAR,22.95,High Price
St. Dalfour,Red Raspberry Jam No Sugar Added,284G,SAR,22.95,High Price
Paldo,Big Cup Kimchi Noodles,110G,SAR,6.95,Medium Price
Lays,Fusion Lebanese Mix Baked Potato chips,160G,SAR,7.5,Medium Price
Vita,Chicken Samosa,8 Pieces,SAR,11.25,Medium Price
Vita,Beef Samosa,8 Pieces,SAR,11.25,Medium Price
Goody,Tenderina Sandwich Tuna With Lemon & Pepper,80G,SAR,3.5,Low Price
Goody,Tenderina Sandwich Tuna In Brine Water,80G,SAR,3.5,Low Price
Magnesia,Organic Sea Salt,700G,SAR,6.7,Medium Price
Quaker,Whole Oats For Breakfast,400G,SAR,8.95,Medium Price
Al Kbous,Tea Black Tea Bags,100 Bags,SAR,14.25,Medium Price
Al Kbous,Tea Fine Black Loose Tea,450G,SAR,17.6,Medium Price
Lusine,Sandwich Roll Brown,200G,SAR,2.1,Low Price
St. Dalfour,Black Raspberry Jam No Sugar Added,284G,SAR,22.95,High Price
Lusine,Sandwich Roll,200G,SAR,1.5,Low Price
Alarabi,Sunflower Oil Spray,200Ml,SAR,17.95,Medium Price
Mentos,White Spearmint Sugar Free Chewing Gum,72 Count,SAR,14.9,Medium Price
Mentos,White Strawberry Sugar Free Chewing Gum,72 Count,SAR,12.95,Medium Price
Lusine,Burger Buns With Sesame Seeds,6 Pieces,SAR,3.15,Low Price
Lusine,Burger Buns Plain,6 pieces,SAR,3.15,Low Price
KitKat,Mini Moments Mocha,15% Off 8 Pieces,SAR,11.5,Medium Price
Ritter Sport,Fine Extra Dark Chocolate,100G,SAR,10.8,Medium Price
Castania,Pumpkin Seeds,300G,SAR,13.9,Medium Price
Al Orubah Bakery,Sage Bread,1 count,SAR,5.7,Medium Price
Premium Harvest,Cherries & Berries,180G,SAR,23.9,High Price
Tamara,Sukkary Dates Box,1Kg,SAR,19.95,Medium Price
Starbucks,Cappuccino,220Ml,SAR,12.55,Medium Price
Pringles,Spicy Chilli Tortilla Chips,160G,SAR,9.5,Medium Price
Arjoon,Sukkary Dates,800G,SAR,26.75,High Price
Pringles,Nacho Cheese Tortilla Chips,160G,SAR,10.25,Medium Price
Arjoon,Mabroom Dates,800G,SAR,34.25,High Price
Sunbites,Cinnamon & Honey Mini Crackers,40G,SAR,2.1,Low Price
Goody,Velor Cream,155G,SAR,3.75,Low Price
Ideal,Mafrood Bread,260G,SAR,3.15,Low Price
Ideal,Samoli Bread,350G,SAR,4.2,Low Price
Goody,Burger Sauce,290 Ml,SAR,9.75,Medium Price
Ideal,Toast Bread With Seeds,360G,SAR,4.2,Low Price
Ideal,Croissant With cheese,100G,SAR,2.1,Low Price
Ideal,Rusk,300G,SAR,12.5,Medium Price
Ideal,Toast Sliced Bread,1 count,SAR,7.35,Medium Price
Tanour,Healthy Bran Bread,240G,SAR,5.25,Medium Price
Hayat,Cooking & Frying Oil,1.5L,SAR,9.95,Medium Price
Lesieur,Canola Oil,1.8L,SAR,23.75,High Price
Kinder,Bueno Dark Chocolate,43G,SAR,2.75,Low Price
Cadbury,Dairy Milk Chocolate,4 + 1 Free x 37G,SAR,11.8,Medium Price
Freshly,Pineapple Broken Slices,227G,SAR,3.7,Low Price
Lorenz,Chipsletten Paprika,100G,SAR,7.25,Medium Price
Hintz,Cocoa Powder,125G,SAR,18.95,Medium Price
Coopoliva,Black Olives Pitted Can,150G,SAR,5.95,Medium Price
Batook,Batook Natural Mastic Gum,40 Pieces,SAR,14.95,Medium Price
Coopoliva,Black Olives Sliced Jar,114G,SAR,4.75,Low Price
Kagi,Mini Classic Wafer,125G,SAR,17.3,Medium Price
Wrigley's,Extra Strawberry Sugar Free Gums,60 Pieces,SAR,7.95,Medium Price
Premium Harvest,Black Raisins,250G,SAR,18.4,Medium Price
Al Mehbaj,Walnut USA,175G,SAR,14.5,Medium Price
Ahmed Tea,Bags cardamom Tea,100 x 2G,SAR,16.95,Medium Price
Twix,Minis,275G,SAR,16.75,Medium Price
Snickers,Minis,275G,SAR,17.1,Medium Price
Caffe Ottavo,Sublime,52G,SAR,21.5,High Price
Wrigley's,Extra Bubblemint Bottle Sugar Free Gums,60 Pieces,SAR,7.95,Medium Price
Roots,Dried Apricot,200G,SAR,8.65,Medium Price
Vimto,Fruit Cordial,710 ml,SAR,13.5,Medium Price
Dream Whip,Whipped Topping Mix,72G,SAR,6.3,Medium Price
Fonte,Cupcake Chocolate,20 X 30G,SAR,10.45,Medium Price
FC,Corn Flour,400G,SAR,8.25,Medium Price
Punjabi Al Muhaidib,White Basmati Rice,10Kg,SAR,74.5,Very High Price
Puck,Cream,6 x 170G,SAR,17.85,Medium Price
Rio Mare,Mare Light Meat Tuna In Olive Oil,80G,SAR,7.9,Medium Price
RED ROOSTER,Hot Sauce,3Z,SAR,2.35,Low Price
RANI,Apple Drink,1.5L,SAR,6.3,Medium Price
Foody's,Green Soybeans,454G,SAR,19.95,Medium Price
SB,Plain Paratha,450G,SAR,4.5,Low Price
RADWA,Frozen Chicken Drumsticks,500G,SAR,10.45,Medium Price
ROYAL,Tender Chicken Breast,1000G,SAR,19.95,Medium Price
SB,Medium Pizza Crust 3 Pieces,495G,SAR,11.0,Medium Price
Riyadh Food,Cream Caramel,50G,SAR,1.0,Low Price
Saudia,Cream,155G,SAR,3.0,Low Price
Shahea,Pure Corn Oil,1.8L,SAR,10.95,Medium Price
Sunbula,Low Fat Puff Pastry Squares,400G,SAR,6.95,Medium Price
Sunbula,Kounafa Dough,500G,SAR,5.95,Medium Price
Sunbula,Okra Zero,400G,SAR,9.25,Medium Price
Sunbula,Molokhia,400G,SAR,5.5,Medium Price
Suntop,Mix Fruit Drink,18 × 125 Ml,SAR,13.5,Medium Price
Suntop,Sun Cola Juice,125 Ml,SAR,1.0,Low Price
Sunbula,Pepperoni Special Pizza,470G,SAR,21.25,High Price
Sunbula,Spring Roll Pastry,160G,SAR,3.5,Low Price
Sunbula,Egg Roll Pastry,160G,SAR,3.5,Low Price
Sunbula,Puff Pastry Squares,800G,SAR,8.9,Medium Price
Suntop,Orange Drink,12 x 250 Ml,SAR,18.1,Medium Price
Sunbula,Margarita Pizza,470G,SAR,20.8,High Price
TABARRUK,Cooking  Frozen Shrimps,500G,SAR,16.8,Medium Price
TANG,Orange Powder Drink,750G,SAR,23.95,High Price
Sunwhite,Calrose Rice,5Kg,SAR,26.5,High Price
Twinings,Green Tea & Mint,1.5G,SAR,20.5,High Price
Ulker,Biskrem Cocoa Cream Filled Cookie,12 x 60G,SAR,12.25,Medium Price
Volvic,Mineral Water,24x330 Ml,SAR,123.0,Very High Price
WHITE SWAN,Calrose Rice,5Kg,SAR,28.5,High Price
WATANIA,Chicken Breast,450G,SAR,9.9,Medium Price
WATANIA,Chicken Drumsticks,450G,SAR,7.25,Medium Price
SIRELLA,White Fish Fillets,500G,SAR,23.95,High Price
AL KABEER,Breaded Chicken Fillets,450G,SAR,13.6,Medium Price
WATANIA,Frozen Chicken,800G,SAR,10.95,Medium Price
Vimto,Fruit Flavored Drink,18 x 125 Ml,SAR,14.95,Medium Price
Americana,Beef Franks,375G,SAR,8.95,Medium Price
WATANIA,Chicken Minced,400G,SAR,6.95,Medium Price
AL KABEER,Jumbo Hot Dogs,400G,SAR,13.85,Medium Price
Abu kass,Babaker Indian Mazza Basmati Rice,10Kg,SAR,59.95,Very High Price
Abu kass,Indian Mazza Basmati Rice,5Kg,SAR,38.5,High Price
ABU BINT,Calrose White Rice,5Kg,SAR,29.95,High Price
Herfy,Chicken Nuggets,400G,SAR,19.15,Medium Price
Herfy,Breaded Chicken Burger,678G,SAR,20.75,High Price
Herfy,Chicken Tenders,400G,SAR,18.4,Medium Price
Galaxy,Vanilla & Chocolate Cone Ice Cream,76G,SAR,5.95,Medium Price
GOLDEN,Frozen Chicken,900 GM,SAR,111.95,Very High Price
AL KABEER,Plain Paratha,400G,SAR,5.75,Medium Price
Goody,Hot Sauce,3Z,SAR,1.6,Low Price
Halwani Brothers,Alnakhla Finest Tahina,500G,SAR,17.95,Medium Price
HB,Top Top Fine Sugar,1Kg,SAR,3.95,Low Price
INDIA GATE,White Basmati Rice,5Kg,SAR,54.1,Very High Price
INDIA GATE,Classic White Basmati Rice Ambar,5Kg,SAR,63.95,Very High Price
Al Shalan,Indian Mazza Sella Basmati Rice,10Kg,SAR,59.95,Very High Price
AL WALIMA,Sella Basmati Rice,10Kg,SAR,64.95,Very High Price
Ali Tea,3 In 1 Classic Ginger Tea,25 + 5 Sachets Free,SAR,33.95,High Price
Almarai,Fortified Full Cream Milk Powder,1.8Kg,SAR,47.95,High Price
Libby's,Tomato Ketchup Bottle,350G,SAR,6.75,Medium Price
Americana,Breaded Chicken Burger,678G,SAR,19.95,Medium Price
Americana,Chicken Popcorn,400G,SAR,16.5,Medium Price
Mcvitie's,Hobnobs Biscuits,300G,SAR,8.35,Medium Price
MONTANA,Frozen Green Peas,400G,SAR,5.75,Medium Price
MONTANA,Frozen Okra Zero,400G,SAR,8.35,Medium Price
MONTANA,Frozen Strawberry,1000G,SAR,11.7,Medium Price
MONTANA,Frozen Molokheya,400G,SAR,3.0,Low Price
Berain,Drinking Water,200 Ml,SAR,0.5,Low Price
Baskin Robins,Vanilla Ice Cream,120 Ml,SAR,7.4,Medium Price
CONE ZONE,Ice Cream Pecan Praline,120 Ml,SAR,6.25,Medium Price
Nescafe,3 In 1 Classic Ice Instant Coffee,24 x 20G,SAR,22.95,High Price
DOUX,Frozen Chicken,650G,SAR,9.95,Medium Price
Noor,Sunflower Oil,3L,SAR,34.95,High Price
Kellogg's,Coco Pops Chocos,375G,SAR,21.95,High Price
Nestlé,Cocoa Puffs Chocolate Breakfast Cereal,375G,SAR,20.95,High Price
Nestlé,Honey Nut Cherious Cereals,375G,SAR,18.95,Medium Price
Freshly,Creamy Peanut Butter,18Z,SAR,11.5,Medium Price
Freshly,Arabic Sweet Syrup,24Z,SAR,9.95,Medium Price
Hershey's,Peanut Butter Cups,4.4Z,SAR,11.95,Medium Price
Abu Zahra,Pure Sunflower Oil,3L,SAR,24.2,High Price
Freshly,Nacho Sliced Jalapeno Peppers,16Z,SAR,12.55,Medium Price
AL KABEER,Prawns Medium,400G,SAR,25.5,High Price
Freshly,Vinegar White,16Z,SAR,3.65,Low Price
Galaxy,Chocolate Cake,5 x 30G,SAR,2.75,Low Price
Freshly,Whole Kernel Sweet Corn,185G,SAR,4.2,Low Price
Freshly,Yellow Mustard,9Z,SAR,5.75,Medium Price
Galaxy,Caramel Cake,5 x 30G,SAR,2.75,Low Price
Galaxy,Vanilla Ice Cream,79.5G,SAR,7.5,Medium Price
Galaxy,Smooth Milk Chocolate,40G,SAR,3.15,Low Price
Freshly,Tomato Sauce,425G,SAR,4.75,Low Price
G.S.,White Flour,2Kg,SAR,3.75,Low Price
IGLOO,Duet Raspberry & vanilla Ice Cream,5 x 65 Ml,SAR,6.95,Medium Price
AL AILA,White Basmati Rice Ambar,5Kg,SAR,39.95,High Price
AL AILA,White Basmati Rice,10Kg,SAR,64.95,Very High Price
Abu Khrof,Indian White Punjabi Basmati Rice,10Kg,SAR,51.5,Very High Price
AL KABEER,Large Prawns,400G,SAR,28.95,High Price
AL KABEER,Beef Franks,454G,SAR,15.75,Medium Price
AL KABEER,Frozen Strawberries,900G,SAR,20.8,High Price
AL KABEER,Corn On The Cob,4 Count,SAR,13.85,Medium Price
AL KABEER,Cheese Samosas,240G,SAR,11.5,Medium Price
AL KABEER,Frozen Minced Chicken,400G,SAR,6.95,Medium Price
AL KABEER,Frozen Green Peas,400G,SAR,4.15,Low Price
AL KABEER,French Fries,1Kg,SAR,9.1,Medium Price
Galaxy,Vanilla Cake,30G,SAR,2.75,Low Price
Goody,Light Meat Tuna in Sunflower Oil,90G,SAR,3.5,Low Price
Goody,Lite Meat Tuna In Brine Water,95G,SAR,3.5,Low Price
Golden Brown,Brownie Cookies CHOCOLATE,225G,SAR,47.95,High Price
Golden Crown,Cream Plain,95G,SAR,3.95,Low Price
Golden Brown,Cina Boxx,305G,SAR,45.95,High Price
Lipton,Yellow label Tea Bags,25 × 2G,SAR,5.85,Medium Price
Goody,Tidbits Pineapple,567G,SAR,6.25,Medium Price
Goody,Sliced Pineapple,227G,SAR,4.2,Low Price
Heinz,Beanz Original Baked Beans In a Deliciously Tomato Sauce,415G,SAR,6.25,Medium Price
Halwani Brothers,Top Top Sugar,5Kg,SAR,19.9,Medium Price
Goody,Mustard,227G,SAR,2.75,Low Price
Goody,Red Kidney Beans,425G,SAR,4.5,Low Price
Halwani Brothers,Vanilla For Sweets,20G,SAR,2.65,Low Price
Al Safi,Apple Juice,1500 Ml,SAR,10.0,Medium Price
Al Safi,Lemon Juice,1500 Ml,SAR,10.0,Medium Price
Al Safi,Mixed Fruits Juice,1500 Ml,SAR,10.0,Medium Price
Al Safi,Mango Juice,1500 Ml,SAR,10.0,Medium Price
Al Safi,Long Life Chocolate Milk,18 x 150 Ml,SAR,14.5,Medium Price
Al Safi,Mixed Berries Juice,1500 Ml,SAR,9.5,Medium Price
Al Safi,Kiwi & Lime Juice,1500 Ml,SAR,7.5,Medium Price
Al Safi,Pomegranate Juice,1500 Ml,SAR,11.0,Medium Price
Al Safi,Orange Juice,1500 Ml,SAR,10.0,Medium Price
Al Safi,Strawberry Juice,1500 Ml,SAR,10.0,Medium Price
Heinz,Creamy Classic Mayonnaise,400 Ml,SAR,14.85,Medium Price
Al Safi,Red Cocktail Juice,1500 Ml,SAR,9.5,Medium Price
Al Safi,Orange & Carrot Juice,1500 Ml,SAR,8.5,Medium Price
Heinz,Light Mayonnaise,400 Ml,SAR,14.85,Medium Price
Heinz,Tomato Ketchup,910G,SAR,19.5,Medium Price
Indofood,Lampung Chili Sauce,140 Ml,SAR,3.45,Low Price
INDIA GATE,Basmati Rice Classic,1Kg,SAR,14.95,Medium Price
Heinz,Tomato Ketchup Squeeze Bottle,342G,SAR,8.75,Medium Price
IGLOO,Vanilla Ice Cream,1L,SAR,15.95,Medium Price
Herfy,Chicken Popcorn,400G,SAR,18.25,Medium Price
Indomie,Instant Cup Noodles Chicken Flavor,60G,SAR,2.35,Low Price
ALICAFE,Signature 3 In 1 French Roast Dark Instant Coffee,30 x 25G,SAR,34.5,High Price
Al Shifa,Natural Honey,125G,SAR,11.55,Medium Price
ALICAFE,3 In 1 Classic Instant Coffee Special Promotion,22 + 4 Sachets Free,SAR,25.95,High Price
Al Shalan,Natural Honey,250G,SAR,23.95,High Price
Karak Tea,Instant Premix With Cardamom,10 X 20G,SAR,29.95,High Price
Kellogg's,Corn Flakes,375G,SAR,13.6,Medium Price
KDD,Cocktail Fruit Drink,40 x 125Ml,SAR,59.5,Very High Price
KDD,Vanilla Ice Cream In Biscuit Sandwich,10 Pieces,SAR,12.95,Medium Price
KitKat,Milk Chocolate Bar 2 Finger,36 x 20.5G,SAR,35.95,High Price
LAMB WESTON,Original Fries,2.5Kg,SAR,13.95,Medium Price
Kikkoman,Soy Sauce,1L,SAR,26.15,High Price
KLASSNO,Coffee Mix 3 In 1,24 + 6 Free Sticks x 20G,SAR,28.45,High Price
LONDON DAIRY,Pralines & Cream Ice Cream,500 Ml,SAR,20.95,High Price
Langnese,Black Forest Honey,125G,SAR,29.4,High Price
LONDON DAIRY,Ice Cream Vanilla Flavor,1L,SAR,38.95,High Price
Al Shalan,Ambar White Basmati Rice,10Kg,SAR,54.95,Very High Price
Americana,Chicken Burger,1000G,SAR,21.5,High Price
Americana,Beef Hot Dogs,450G,SAR,17.05,Medium Price
Americana,Classic Beef Burger,1Kg,SAR,26.2,High Price
Americana,Chicken Nuggets,400G,SAR,15.25,Medium Price
Americana,Chicken Strips,750G,SAR,29.4,High Price
Americana,Frozen Okra,400G,SAR,6.25,Medium Price
Americana,Frozen Tender Chicken Breast,2Kg,SAR,44.95,High Price
Lotus,Biscoff Biscuit Spread,400G,SAR,23.4,High Price
Americana,Frozen Garden Peas,450G,SAR,7.95,Medium Price
M&M,Ice Cream Cone,110 Ml,SAR,5.95,Medium Price
Maggi,Cream Of Mushroom Soup,68G,SAR,4.15,Low Price
Americana,Happy Chicken Nuggets,400G,SAR,16.5,Medium Price
Milgarosa,Thai Fragrant White Rice,5Kg,SAR,36.5,High Price
MC,Straight Cut Frozen French Fries,2.5Kg,SAR,24.0,High Price
Mcvitie's,Digestive Wheat Biscuits,250G,SAR,7.95,Medium Price
MC,Thin Frozen French Fries,2.5Kg,SAR,25.5,High Price
MCCAIN,Chocolate Cake,510G,SAR,29.0,High Price
Americana,Hot And Crunchy Chicken Fries,400G,SAR,15.5,Medium Price
Aquafina,Dinking Water,200 Ml,SAR,0.5,Low Price
Americana,Jumbo Beef Burger,1Kg,SAR,28.95,High Price
Americana,Hot Chicken Strips,750G,SAR,28.9,High Price
Americana,Minced Beef,400G,SAR,6.85,Medium Price
Baskin Robins,Pralines 'N Cream Ice Cream,1L,SAR,41.95,High Price
Nada,Junior Long Life Chocolate Milk,18 x 125 Ml,SAR,10.95,Medium Price
Bonny,Full Cream Evaporated Milk,170  Ml,SAR,2.75,Low Price
Nando's,NANDOS PERI GARLIC SAUCE,250ml,SAR,17.5,Medium Price
Nando's,NANDOS PERI PERI HOT SAUCE,250ml,SAR,17.5,Medium Price
California Garden,Grape Leaves,1000G,SAR,24.95,High Price
Cheetos,Crunchy Flamin hot,200G,SAR,7.85,Medium Price
BUTLER,Frozen French Fries,2.5Kg,SAR,19.5,Medium Price
COLD ALEX,Frozen Minced Moloukhia,400G,SAR,5.75,Medium Price
CHTOURA,Hommos Tahini,380G,SAR,3.95,Low Price
Nando's,NANDOS PERI PERI LEMON&HERBS SAUCE,250ml,SAR,17.5,Medium Price
DANYA,White Grape Juice,12 x 1L,SAR,86.25,Very High Price
Nescafe,Arabiana Saffron Coffee,3G,SAR,1.95,Low Price
Nescafe,Gold Rich & Smooth Instant Coffee,200G,SAR,39.95,High Price
Nando's,NANDOS PERI PERI SAUCE,250ml,SAR,17.5,Medium Price
Nescafe,Red Mug Instant Coffee,200G,SAR,31.75,High Price
Nando's,NANDOS PERI PERI XX HOT SAUCE,250ml,SAR,17.5,Medium Price
Nestlé,Nestle Fitness Chocolate Bars,23.5G,SAR,3.15,Low Price
Nestlé,Fitness Chocolate Bars,23.5G,SAR,17.5,Medium Price
Nestlé,Chocapic Cereal,375G,SAR,18.95,Medium Price
DOUX,Chicken Franks Garlic,400G,SAR,5.95,Medium Price
DOUX,Chicken Franks Cheese,400G,SAR,5.95,Medium Price
DOUX,Chicken Franks Arabic Spices,400G,SAR,7.25,Medium Price
Nestlé,Nesquick Duo Cereals,335G,SAR,19.95,Medium Price
Nestlé,Cookie Crisp Cereal,375G,SAR,23.9,High Price
DOUX,Chicken Franks Hot & Spicy,400G,SAR,5.95,Medium Price
DOUX,Chicken Franks,3 x 340G,SAR,12.55,Medium Price
Nova,Drinking Water,40 x 0.33L,SAR,17.95,Medium Price
OSRA,Fine Sugar,10Kg,SAR,23.95,High Price
Pringles,Original Chips,165G,SAR,10.95,Medium Price
PEEP,Pineapple Broken Slices,565G,SAR,3.7,Low Price
Almarai,Mango Juice,1.5L,SAR,6.0,Medium Price
Almarai,Lemon & mint With Pulp Juice,1.5L,SAR,6.0,Medium Price
Almarai,Natural Apple Juice,1.5L,SAR,9.5,Medium Price
Almarai,Alphonso Mango With Pulp Juice,1.5L,SAR,9.5,Medium Price
Almarai,Mixed Apple Drink,1.5L,SAR,7.5,Medium Price
Almarai,Natural Orange With Pulp Juice,1.5L,SAR,9.5,Medium Price
Almarai,Orange Natural Juice,1.5L,SAR,9.5,Medium Price
Almarai,Mixed Orange Juice,1.5L,SAR,6.0,Medium Price
Almarai,Mixed Berry Juice,1.5L,SAR,6.0,Medium Price
Almarai,Mango Mixed Fruit Juice,1.5L,SAR,6.0,Medium Price
Almarai,Extra Virgin Olive Oil,500 Ml,SAR,21.5,High Price
Lusine,Squares Brown Sandwich Bread,6 Sandwiches,SAR,3.0,Low Price
Al Safi,Safio Vanilla Milk,18 × 200Ml,SAR,28.35,High Price
Al Safi,Safio Long Life Chocolate Milk,18 x 200 Ml,SAR,28.35,High Price
Al Safi,Safio Banana Milk,18 × 200Ml,SAR,28.35,High Price
Almarai,Natural Grape Juice No Added Sugar,1.5L,SAR,9.5,Medium Price
Demerara,Natural Brown Sugar,500G,SAR,11.45,Medium Price
Thouq,Arabic Coffee,250G,SAR,18.95,Medium Price
Tamara,Ajwa Al Madina Dates,500G,SAR,28.5,High Price
Alyoum,Premium Frozen chicken,1000G,SAR,17.6,Medium Price
Leeza,Blend Vegetable Oil,1.8L,SAR,13.75,Medium Price
Loacker,Tortina White Chocolate,125G,SAR,20.5,High Price
Loacker,Tortina Original Chocolate,125G,SAR,20.5,High Price
Loacker,Tortina Dark Chocolate,125G,SAR,20.5,High Price
Ragu,Roasted Garlic Parmesan,16Z,SAR,16.95,Medium Price
Gatorade,Fruit Punch,32Z,SAR,12.95,Medium Price
Twix,Miniatures,150G,SAR,8.95,Medium Price
Bounty,Miniatures Coconut Chocolate,150G,SAR,8.95,Medium Price
Snickers,Miniatures,150G,SAR,8.95,Medium Price
Maxwell House,French Roast Coffee Dark,11Z,SAR,34.95,High Price
Maxwell House,Original Roast Coffee Medium,11.5Z,SAR,34.95,High Price
Florida's Natural,Premium Orange Pineapple Juice,900Ml,SAR,10.75,Medium Price
Americana,Chicken Nuggets With Cheese,400G,SAR,16.5,Medium Price
Brooke Bond,Red Label Strong Tea bags,100 x 2G,SAR,12.75,Medium Price
Mars,Miniatures,150G,SAR,8.95,Medium Price
Mrs Dash,Original Seasoning Blend Salt-Free,2.5Z,SAR,22.95,High Price
Frito Lay,Original Corn Chips,11Z,SAR,16.95,Medium Price
Frito Lay,French onion dip,8.5Z,SAR,13.95,Medium Price
Frito Lay,Cheetos Crunchy Flaming hot,8Z,SAR,15.95,Medium Price
Frito Lay,Pretzels Thins,10Z,SAR,16.95,Medium Price
Ruffles,Cheddar With Sour Cream,6.5Z,SAR,14.95,Medium Price
Frito Lay,Ruffles Reduced Fat,6.5Z,SAR,16.95,Medium Price
Frito Lay,Cool ranch chips,11Z,SAR,19.95,Medium Price
Yergat,California Grape Leaves,454G,SAR,22.75,High Price
Geisha,Geisha Light Meat Tuna in Sunflower Oil & Salt Added,100G,SAR,4.65,Low Price
California Garden,Red Kidney Beans,440G,SAR,5.5,Medium Price
Ritter Sport,Mini Chocolate Mix,150G,SAR,17.85,Medium Price
Goody,Lite Meat Tuna In Brine Water,185G,SAR,7.5,Medium Price
Coopoliva,Olive Oil Refined Olive Pomace Oil Blended with Extra Virgin Olive Oil,500 Ml,SAR,14.8,Medium Price
Frito Lay,Jalapeño Cheddar Cheese Dip,9Z,SAR,13.95,Medium Price
Americana,Pommes Frites Pre-Fried French Fries,2.5Kg,SAR,17.5,Medium Price
Maxwell House,100% Colombian Coffee Medium,10.5Z,SAR,34.95,High Price
Frito Lay,Tortilla Yellow Corn Bread,10Z,SAR,19.95,Medium Price
Lotus,Caramelized Biscuits,250G,SAR,11.95,Medium Price
Pepperidge Farm,Goldfish Baby Cheddar Crackers,7.2Z,SAR,22.95,High Price
Pepperidge Farm,Goldfish Parmesan cheese Crackers,6.6Z,SAR,19.95,Medium Price
Pepperidge Farm,Goldfish Colors,187G,SAR,19.95,Medium Price
Betty Crocker,Double Chocolate Cookie Mix,496G,SAR,13.75,Medium Price
Cadbury,Milk chocolate Minis,192G,SAR,10.75,Medium Price
Tamimi Markets,Black Pepper Powder,240G,SAR,10.95,Medium Price
Kellogg's,Corn Flakes,510G,SAR,34.95,High Price
Post,Honey Bunches Of Oats Honey Roasted,411G,SAR,28.95,High Price
Frito Lay,Baked Scoops,7Z,SAR,19.95,Medium Price
General Mills,Cheerios Apple Cinnamon,12.9Z,SAR,31.95,High Price
Bugles,Crispy Corn Snacks Ketchup,125G,SAR,6.5,Medium Price
Bugles,Crispy Corn Snacks Smokin' BBQ,125G,SAR,6.5,Medium Price
Bugles,Crispy Corn Snacks Nacho cheese,125G,SAR,6.5,Medium Price
Bugles,Crispy Corn Snacks Chili,125G,SAR,6.5,Medium Price
Betty Crocker,Chocolate Chunk Brownie,496G,SAR,13.75,Medium Price
Kasih,Golden Tahini,450G,SAR,16.75,Medium Price
Fonte,Hot Dog Bread,6 Pieces 360G,SAR,4.95,Low Price
Betty Crocker,Dark Chocolate Brownie,496G,SAR,13.75,Medium Price
Nestlé,Wonka Gobstopper,5Z,SAR,8.95,Medium Price
Frito Lay,Cooked BBQ Flavored Potato Chips,6.5Z,SAR,19.95,Medium Price
Hershey's,Special Dark Xl,4.25Z,SAR,11.95,Medium Price
Frito Lay,Doritos Cool Ranch Flavored Tortilla Chips,3.25Z,SAR,6.95,Medium Price
Breakfast blend,Coffe blend,11Z,SAR,34.95,High Price
Sanck Factory,Pretzel Crisps,7.2Z,SAR,21.95,High Price
Goody,Arrabbiata Pasta Sauce,420G,SAR,7.5,Medium Price
Goody,Marinara Pasta Sauce,420G,SAR,7.5,Medium Price
Skittles,Coated Chewy Fruits,174G,SAR,10.25,Medium Price
Rio Mare,Light Meat Tuna In Olive Oil,3 + 1 Free 80G,SAR,18.5,Medium Price
Goody,Napoletana Pasta Sauce,420G,SAR,7.5,Medium Price
Betty Crocker,Creme Caramel Mix,10 + 2 Free x 49G,SAR,21.0,High Price
Cadbury,Dairy Milk Bubbly Minis,204G,SAR,10.75,Medium Price
Skittles,Crazy Sours,174G,SAR,10.25,Medium Price
Bugles,Bugles Crispy Corn Snacks Nacho cheese,35G,SAR,2.25,Low Price
Bugles,Crispy Corn Snacks  Sour Cream & Onion,125G,SAR,6.5,Medium Price
Oreo,Cookie Covered With Cadbury Chocolate,204G,SAR,8.75,Medium Price
Galaxy,Jewels Revolution,650G,SAR,42.5,High Price
Almarai,Long Life Full Fat Milk,12 x 1L,SAR,40.0,High Price
Almarai,Long Life Low Fat Milk,12 × 1L,SAR,40.0,High Price
KDD,Chocolate Milk,180 Ml,SAR,1.45,Low Price
Florida's Natural,Premium Ruby Red Grapefruit Juice,1.8L,SAR,19.95,Medium Price
Florida's Natural,Natural Orange Pineapple Juice,1.8L,SAR,19.95,Medium Price
Almarai,Mixed Apple Juice,200 Ml,SAR,1.05,Low Price
Florida's Natural,Pure Orange Mango Juice,1.8L,SAR,19.95,Medium Price
KitKat,Chunky Milk Chocolate Bar,40G,SAR,2.75,Low Price
Oreo,Mini,67G,SAR,5.5,Medium Price
Tamimi Markets,BBQ spices,90G,SAR,4.95,Low Price
Tamimi Markets,Bahrain Curry spice,90G,SAR,4.95,Low Price
Tamimi Markets,Almond sliced,200G,SAR,17.95,Medium Price
Tamimi Markets,Beans black eye,500G,SAR,5.95,Medium Price
Tamimi Markets,Bay leaves,20G,SAR,1.95,Low Price
Tamimi Markets,Biriyani spices,90G,SAR,4.95,Low Price
Tamimi Markets,Beans broad egypt,1KG,SAR,10.95,Medium Price
Tamimi Markets,Red Beans,500G,SAR,7.95,Medium Price
Tamimi Markets,Black chia seeds,500G,SAR,15.95,Medium Price
Tamimi Markets,Bottled drinking water,200ML,SAR,0.3,Low Price
Tamimi Markets,Bottled drinking water,600ML,SAR,0.6,Low Price
Tamimi Markets,Black quinoa,500G,SAR,13.95,Medium Price
Tamimi Markets,Black pepper powder,100G,SAR,7.95,Medium Price
Tamimi Markets,Black pepper seed,260G,SAR,10.95,Medium Price
Tamimi Markets,Bottled drinking water,40 X 330ML,SAR,7.5,Medium Price
Tamimi Markets,Black lemon powder,80G,SAR,4.95,Low Price
Tamimi Markets,Chicken spices,240G,SAR,9.95,Medium Price
Tamimi Markets,Cashew nuts,200G,SAR,15.95,Medium Price
Tamimi Markets,Broad bean crushed,500G,SAR,3.95,Low Price
Tamimi Markets,Chick peas,1KG,SAR,8.95,Medium Price
Tamimi Markets,Cardamom powder,90G,SAR,21.95,High Price
Tamimi Markets,Chili powder,240G,SAR,7.95,Medium Price
Tamimi Markets,Cinnamon sticks,150G,SAR,7.95,Medium Price
Tamimi Markets,Couscous,500G,SAR,6.95,Medium Price
Tamimi Markets,Coriander powder,200G,SAR,4.95,Low Price
Tamimi Markets,Coriander seed,150G,SAR,4.95,Low Price
Tamimi Markets,Coconut flakes,500G,SAR,9.95,Medium Price
Tamimi Markets,Crushed white mongo,500G,SAR,6.95,Medium Price
Tamimi Markets,Crushed chick peas,1KG,SAR,7.95,Medium Price
Tamimi Markets,Cumin powder,100G,SAR,4.95,Low Price
Tamimi Markets,Tamimi Markets crush burgul soft,1KG,SAR,6.95,Medium Price
Tamimi Markets,Tamimi Markets crush burgel rough,1KG,SAR,6.95,Medium Price
Tamimi Markets,Fish spices,90G,SAR,4.95,Low Price
Tamimi Markets,Fennel seed,200G,SAR,4.95,Low Price
Tamimi Markets,Cumin seed,200G,SAR,4.95,Low Price
Tamimi Markets,Curry powder,90G,SAR,4.95,Low Price
Tamimi Markets,Fareeka,500G,SAR,5.95,Medium Price
Tamimi Markets,Garlic powder,95G,SAR,4.95,Low Price
Tamimi Markets,Flax seeds,500G,SAR,12.95,Medium Price
Tamimi Markets,Green mongo,500G,SAR,7.95,Medium Price
Tamimi Markets,Green cardamon,200G,SAR,27.95,High Price
Tamimi Markets,Harees,1KG,SAR,6.95,Medium Price
Tamimi Markets,Green lentils,1KG,SAR,9.95,Medium Price
Tamimi Markets,Meat spices,90G,SAR,4.95,Low Price
Tamimi Markets,Lemon salt,410G,SAR,9.95,Medium Price
Tamimi Markets,Kabsa spices,90G,SAR,4.95,Low Price
Tamimi Markets,Jordani zatar,500G,SAR,11.95,Medium Price
Tamimi Markets,Lemon salt,200G,SAR,5.95,Medium Price
Tamimi Markets,Lemon powder,240G,SAR,9.95,Medium Price
Tamimi Markets,Jereesh,1KG,SAR,6.95,Medium Price
